season	player_id	player	birth_year	pos	age	experience	
lg	tm	g	gs	mp_per_game	fg_per_game	
fga_per_game	fg_percent	x3p_per_game	x3pa_per_game	
x3p_percent	x2p_per_game	x2pa_per_game	x2p_percent	
e_fg_percent	ft_per_game	fta_per_game	ft_percent	
orb_per_game	drb_per_game	trb_per_game	ast_per_game	
stl_per_game	blk_per_game	tov_per_game	pf_per_game	
pts_per_game
2010	3731	Aaron Brooks	NA	PG	25	3	NBA	
HOU	82	82	35.6	7	16.2	0.432	2.5	6.4	
0.398	4.5	9.8	0.454	0.511	3	3.6	0.822	0.7	2	
2.6	5.3	0.8	0.2	2.8	2.4	19.6
2010	3101	Al Harrington	NA	PF	29	12	NBA	
NYK	72	15	30.5	6.2	14.3	0.435	1.9	5.7	
0.342	4.3	8.6	0.496	0.503	3.3	4.4	0.757	1.2	
4.4	5.6	1.5	0.9	0.4	1.8	2.9	17.7
2010	3734	Al Horford	NA	C	23	3	NBA	
ATL	81	81	35.1	5.8	10.5	0.551	0	0	1	
5.8	10.4	0.551	0.552	2.6	3.3	0.789	2.9	7	
9.9	2.3	0.7	1.1	1.5	2.8	14.2
2010	3496	Al Jefferson	NA	C	25	6	NBA	
MIN	76	76	32.4	7.4	14.8	0.498	0	0.1	0	
7.4	14.8	0.5	0.498	2.4	3.5	0.68	2.4	6.9	
9.3	1.8	0.8	1.3	1.8	2.7	17.1
2010	3735	Al Thornton	NA	SF	26	3	NBA	
TOT	75	46	27.7	4.3	9	0.473	0.1	0.4	
0.355	4.1	8.6	0.479	0.482	2	2.8	0.725	1.5	
2.4	3.9	1.2	0.6	0.5	1.4	2.7	10.7
2010	3366	Amar'e Stoudemire	NA	PF	27	8	
NBA	PHO	82	82	34.6	8.6	15.4	0.557	0	
0.1	0.167	8.6	15.3	0.559	0.557	5.9	7.7	0.771	
2.8	6.1	8.9	1	0.6	1	2.6	3.4	23.1
2010	3570	Amir Johnson	NA	PF	22	5	NBA	
TOR	82	5	17.7	2.5	4.1	0.623	0	0	0	
2.5	4	0.63	0.623	1.2	1.8	0.638	1.9	2.9	
4.8	0.6	0.5	0.8	0.8	3.1	6.2
2010	3497	Anderson Varejão	NA	PF	27	6	
NBA	CLE	76	7	28.5	3.5	6.1	0.572	0	
0.1	0.2	3.5	6.1	0.576	0.573	1.5	2.3	0.663	
2.5	5.1	7.6	1.1	0.9	0.9	0.9	2.9	8.6
2010	3571	Andray Blatche	NA	PF	23	5	NBA	
WAS	81	36	27.9	5.9	12.3	0.478	0.2	0.5	
0.295	5.7	11.8	0.487	0.485	2.1	2.9	0.744	2	
4.3	6.3	2.1	1	0.9	2.2	2.7	14.1
2010	3500	Andre Iguodala	NA	SF	26	6	NBA	
PHI	82	82	38.9	6	13.7	0.443	1.1	3.7	
0.31	4.9	10	0.492	0.485	3.8	5.2	0.733	1	
5.5	6.5	5.8	1.7	0.7	2.7	1.8	17.1
2010	3171	Andre Miller	NA	PG	33	11	NBA	
POR	82	66	30.5	4.9	11.1	0.445	0.2	1	
0.2	4.7	10.1	0.469	0.454	3.9	4.8	0.821	1	
2.3	3.2	5.4	1.1	0.1	2.1	2.1	14
2010	3655	Andrea Bargnani	NA	PF	24	4	NBA	
TOR	80	80	35	6.7	14.3	0.47	1.5	4.1	
0.372	5.2	10.2	0.509	0.523	2.3	2.9	0.774	1.3	
4.9	6.2	1.2	0.3	1.4	1.5	2.7	17.2
2010	3501	Andrés Nocioni	NA	SF	30	6	NBA	
SAC	75	28	19.7	3.1	7.8	0.399	1.3	3.3	
0.386	1.8	4.5	0.408	0.48	0.9	1.3	0.717	0.4	
2.5	3	1	0.4	0.3	0.9	2.1	8.5
2010	3573	Andrew Bogut	NA	C	25	5	NBA	
MIL	69	69	32.3	6.9	13.2	0.52	0	0	0	
6.9	13.2	0.521	0.52	2.2	3.4	0.629	3	7.1	
10.2	1.8	0.6	2.5	1.9	3.2	15.9
2010	3574	Andrew Bynum	NA	C	22	5	NBA	
LAL	65	65	30.4	6	10.6	0.57	0	0	0	
6	10.6	0.571	0.57	3	4	0.739	2.7	5.6	
8.3	1	0.5	1.4	1.8	3	15
2010	3104	Antawn Jamison	NA	PF	33	12	NBA	
TOT	66	64	36.5	7.2	15.7	0.461	1.3	3.7	
0.344	6	12	0.498	0.502	2.9	4.5	0.647	2.1	
6.3	8.4	1.3	1.1	0.3	1.4	2.7	18.7
2010	3796	Anthony Morrow	NA	SG	24	2	NBA	
GSW	69	37	29.2	4.8	10.2	0.468	2	4.4	
0.456	2.7	5.7	0.477	0.568	1.5	1.7	0.886	0.9	
2.9	3.8	1.5	0.9	0.2	1.2	2.3	13
2010	3038	Anthony Parker	NA	SG	34	7	NBA	
CLE	81	81	28.3	2.5	5.9	0.434	1.3	3.2	
0.414	1.2	2.6	0.458	0.547	0.9	1.2	0.789	0.4	
2.5	2.9	1.9	0.8	0.2	0.9	1.9	7.3
2010	3577	Antoine Wright	NA	SF	25	5	NBA	
TOR	67	10	20.8	2.4	6	0.406	0.9	2.6	
0.335	1.6	3.4	0.46	0.479	0.8	1.1	0.688	0.6	
2.3	2.8	1.1	0.4	0.2	0.9	2	6.5
2010	2896	Antonio McDyess	NA	PF	35	14	NBA	
SAS	77	50	21	2.7	5.6	0.479	0	0	0	
2.7	5.5	0.481	0.479	0.5	0.7	0.632	1.9	4	
5.9	1.1	0.6	0.4	1	1.9	5.8
2010	3737	Arron Afflalo	NA	SG	24	3	NBA	
DEN	82	75	27.1	3.3	7.1	0.465	1.3	3	
0.434	2	4.1	0.488	0.557	0.9	1.2	0.735	0.7	
2.4	3.1	1.7	0.6	0.4	0.9	2.7	8.8
2010	3860	Austin Daye	NA	SF	21	1	NBA	
DET	69	4	13.3	2	4.3	0.464	0.4	1.4	
0.305	1.6	2.9	0.54	0.514	0.7	0.8	0.821	0.5	2	
2.5	0.5	0.4	0.4	0.7	1.7	5.1
2010	3173	Baron Davis	NA	PG	30	11	NBA	
LAC	75	73	33.6	5.5	13.5	0.406	1.1	3.9	
0.277	4.4	9.6	0.459	0.446	3.2	3.9	0.821	0.7	
2.9	3.5	8	1.7	0.6	2.8	2.8	15.3
2010	2971	Ben Wallace	NA	C	35	14	NBA	
DET	69	67	28.6	2.3	4.2	0.541	0	0	0	
2.3	4.2	0.545	0.541	0.9	2.3	0.406	3.6	5.1	
8.7	1.5	1.2	1.2	0.9	1.9	5.5
2010	3506	Beno Udrih	NA	PG	27	6	NBA	
SAC	79	41	31.4	5.3	10.6	0.493	0.9	2.5	
0.377	4.3	8.1	0.53	0.538	1.5	1.8	0.837	0.5	
2.3	2.8	4.7	1.1	0.1	1.7	2.1	12.9
2010	3431	Boris Diaw	NA	PF	27	7	NBA	
CHA	82	82	35.4	4.5	9.4	0.483	0.8	2.5	
0.32	3.7	6.9	0.541	0.525	1.4	1.8	0.769	1.6	
3.6	5.2	4	0.7	0.7	2.2	2.7	11.3
2010	3106	Brad Miller	NA	C	33	12	NBA	
CHI	82	37	23.8	3	7.1	0.43	0.5	1.6	
0.28	2.6	5.5	0.474	0.462	2.2	2.7	0.827	1	
3.9	4.9	1.9	0.5	0.4	1.3	2.3	8.8
2010	3861	Brandon Jennings	NA	PG	20	1	
NBA	MIL	82	82	32.6	5.5	14.8	0.371	1.8	
4.7	0.374	3.7	10.1	0.37	0.431	2.7	3.3	0.817	
0.6	2.8	3.4	5.7	1.3	0.2	2.4	2.3	15.5
2010	3658	Brandon Roy	NA	SG	25	4	NBA	
POR	65	65	37.2	7.6	16	0.473	1.1	3.4	
0.33	6.4	12.6	0.512	0.508	5.3	6.8	0.78	1.1	
3.3	4.4	4.7	0.9	0.2	2	2.1	21.5
2010	3800	Brandon Rush	NA	SG	24	2	NBA	
IND	82	64	30.4	3.6	8.6	0.423	1.5	3.7	
0.411	2.1	4.9	0.433	0.511	0.7	1.1	0.629	0.5	
3.7	4.2	1.4	0.7	0.8	1.1	1.9	9.4
2010	3303	Brendan Haywood	NA	C	30	9	NBA	
TOT	77	67	30.6	3.6	6.4	0.562	0	0	0	
3.6	6.4	0.563	0.562	2	3.2	0.62	3.6	5.7	
9.3	0.6	0.3	2.1	1.3	2.7	9.1
2010	3801	Brook Lopez	NA	C	21	2	NBA	
NJN	82	82	36.9	6.9	13.8	0.499	0	0	0	
6.9	13.7	0.5	0.499	5.1	6.2	0.817	3.3	5.4	
8.6	2.3	0.7	1.7	2.5	3.1	18.8
2010	3582	C.J. Miles	NA	SF	22	5	NBA	
UTA	63	28	23.8	3.8	8.9	0.429	1.2	3.4	
0.341	2.7	5.5	0.484	0.495	1	1.5	0.695	0.7	2	
2.7	1.7	0.9	0.3	1.3	3	9.9
2010	3740	C.J. Watson	NA	PG	25	3	NBA	
GSW	65	15	27.5	3.8	8.1	0.468	0.7	2.2	
0.31	3.1	5.9	0.527	0.51	2	2.6	0.771	0.4	
2.2	2.6	2.8	1.6	0.1	1.1	1.9	10.3
2010	3741	Carl Landry	NA	PF	26	3	NBA	
TOT	80	29	30.9	6.2	11.6	0.536	0	0	
0.333	6.2	11.6	0.537	0.537	4.3	5.3	0.806	2.4	
3.5	5.9	0.8	0.7	0.8	1.7	2.9	16.8
2010	3305	Carlos Arroyo	NA	PG	30	8	NBA	
MIA	72	35	22	2.5	5.2	0.475	0.1	0.3	
0.28	2.4	4.9	0.489	0.484	1.1	1.3	0.844	0.4	
1.4	1.8	3.1	0.5	0.1	0.8	1.4	6.1
2010	3369	Carlos Boozer	NA	PF	28	8	NBA	
UTA	78	78	34.3	7.9	14.1	0.562	0	0	NA	
7.9	14.1	0.562	0.562	3.7	4.9	0.742	2.3	8.9	
11.2	3.2	1.1	0.5	2.7	3.5	19.5
2010	3510	Carlos Delfino	NA	SF	27	5	NBA	
MIL	75	66	30.4	4	9.8	0.408	1.8	4.9	
0.367	2.2	4.9	0.45	0.5	1.2	1.6	0.782	0.7	
4.6	5.3	2.7	1.1	0.3	1.6	1.8	11
2010	3435	Carmelo Anthony	NA	SF	25	7	NBA	
DEN	69	69	38.2	10	21.8	0.458	0.9	2.7	
0.316	9.1	19.1	0.478	0.478	7.4	8.9	0.83	2.2	
4.4	6.6	3.2	1.3	0.4	3	3.3	28.2
2010	3370	Caron Butler	NA	SF-SG	29	8	NBA	
TOT	74	74	37.6	6.1	14.2	0.428	0.6	2	
0.29	5.5	12.2	0.45	0.448	3.6	4.3	0.838	1.4	
4.8	6.2	2.1	1.6	0.3	2.2	2.6	16.3
2010	3583	Channing Frye	NA	C	26	5	NBA	
PHO	81	41	27	3.9	8.7	0.451	2.1	4.8	
0.439	1.8	3.8	0.466	0.573	1.2	1.5	0.81	0.8	
4.5	5.3	1.4	0.8	0.9	0.9	3.2	11.2
2010	3306	Charlie Bell	NA	SG	30	6	NBA	
MIL	71	39	22.7	2.4	6.2	0.381	1	2.8	
0.365	1.4	3.4	0.395	0.464	0.7	0.9	0.716	0.4	
1.4	1.9	1.5	0.5	0.2	0.8	1.9	6.5
2010	3584	Charlie Villanueva	NA	PF	25	5	
NBA	DET	78	16	23.7	4.7	10.6	0.439	1.3	
3.6	0.351	3.4	7	0.484	0.499	1.4	1.7	0.815	
1.1	3.6	4.7	0.7	0.6	0.7	0.9	2.9	11.9
2010	3864	Chase Budinger	NA	SF	21	1	NBA	
HOU	74	4	20.1	3.4	7.6	0.441	1.2	3.4	
0.369	2.1	4.3	0.497	0.522	0.9	1.2	0.77	0.5	
2.5	3	1.2	0.5	0.1	0.6	1.1	8.9
2010	3048	Chauncey Billups	NA	PG	33	13	
NBA	DEN	73	73	34.1	5.5	13.2	0.418	2.2	
5.6	0.386	3.4	7.6	0.441	0.499	6.4	7	0.91	
0.3	2.8	3.1	5.6	1.1	0.1	2.4	2.1	19.5
2010	3307	Chris Andersen	NA	PF	31	8	NBA	
DEN	76	0	22.3	1.9	3.3	0.566	0	0	0	
1.9	3.3	0.573	0.566	2.2	3.1	0.695	1.9	4.4	
6.4	0.4	0.6	1.9	0.8	2.3	5.9
2010	3436	Chris Bosh	NA	C	25	7	NBA	
TOR	70	70	36.1	8.6	16.5	0.518	0.1	0.3	
0.364	8.5	16.2	0.521	0.522	6.7	8.4	0.797	2.9	
7.9	10.8	2.4	0.6	1	2.4	2.4	24
2010	3803	Chris Douglas-Roberts	NA	SF	23	2	
NBA	NJN	67	38	25.8	3.8	8.6	0.445	0.2	
0.8	0.259	3.6	7.7	0.464	0.457	2	2.3	0.847	
0.7	2.3	3	1.4	0.8	0.3	1.4	1.5	9.8
2010	3511	Chris Duhon	NA	PG	27	6	NBA	
NYK	67	59	30.9	2.5	6.7	0.373	1.3	3.9	
0.349	1.2	2.9	0.404	0.472	1	1.4	0.716	0.4	
2.2	2.7	5.6	0.9	0	1.6	1.2	7.4
2010	3437	Chris Kaman	NA	C	27	7	NBA	
LAC	76	76	34.3	7.8	15.8	0.49	0	0.1	0	
7.8	15.7	0.492	0.49	3	4	0.749	2.4	6.8	
9.3	1.6	0.5	1.2	2.9	2.8	18.5
2010	3587	Chuck Hayes	NA	C	26	5	NBA	
HOU	82	82	21.6	2	4	0.489	0	0	NA	
2	4	0.489	0.489	0.4	0.8	0.545	1.8	3.8	
5.7	1.7	0.9	0.5	0.9	2.7	4.4
2010	3745	Corey Brewer	NA	SG	23	3	NBA	
MIN	82	82	30.3	5	11.6	0.431	1	2.9	
0.346	4	8.7	0.459	0.474	2	3.1	0.648	0.9	
2.5	3.4	2.4	1.4	0.4	2	2.7	13
2010	3178	Corey Maggette	NA	PF	30	11	NBA	
GSW	70	49	29.7	6.5	12.7	0.516	0.2	0.7	
0.26	6.3	11.9	0.531	0.523	6.6	7.9	0.835	1.3	4	
5.3	2.5	0.7	0.1	2.4	3.3	19.8
2010	3804	Courtney Lee	NA	SG	24	2	NBA	
NJN	71	66	33.5	4.8	10.9	0.436	1.1	3.2	
0.338	3.7	7.7	0.476	0.485	1.9	2.2	0.869	0.8	
2.7	3.5	1.7	1.3	0.3	1.1	1.8	12.5
2010	3663	Craig Smith	NA	PF	26	4	NBA	
LAC	75	2	16.4	3	5.3	0.569	0	0.1	
0.2	3	5.2	0.574	0.571	1.8	2.8	0.635	1.3	
2.5	3.8	1.1	0.4	0.3	1.2	2.6	7.8
2010	3805	D.J. Augustin	NA	PG	22	2	NBA	
CHA	80	2	18.4	2.1	5.4	0.386	0.9	2.2	
0.393	1.2	3.2	0.381	0.467	1.3	1.6	0.779	0.1	
1.1	1.2	2.4	0.6	0.1	0.9	1.6	6.4
2010	3439	Dahntay Jones	NA	SF	29	7	NBA	
IND	76	26	24.9	3.8	8.2	0.461	0.1	0.4	
0.125	3.7	7.8	0.479	0.464	2.6	3.4	0.77	0.6	
2.4	3	2	0.5	0.5	1.7	3.1	10.2
2010	3514	Damien Wilkins	NA	SF	30	6	NBA	
MIN	80	31	19.8	2.1	4.8	0.433	0.2	0.8	
0.295	1.8	4	0.459	0.457	1.3	1.6	0.798	0.9	
2.2	3.1	1.7	0.8	0.3	1	1.8	5.6
2010	3807	Danilo Gallinari	NA	SF	21	2	
NBA	NYK	81	74	33.9	4.8	11.4	0.423	2.3	6	
0.381	2.5	5.4	0.469	0.523	3.1	3.8	0.818	0.8	
4.1	4.9	1.7	0.9	0.7	1.4	2.4	15.1
2010	3868	Dante Cunningham	NA	PF	22	1	
NBA	POR	63	2	11.2	1.7	3.4	0.495	0	0	
0	1.7	3.4	0.5	0.495	0.5	0.8	0.646	0.9	
1.7	2.5	0.2	0.4	0.3	0.2	1.5	3.9
2010	3440	Darius Songaila	NA	C	31	7	NBA	
NOH	75	1	18.8	3.2	6.5	0.494	0	0.1	
0.167	3.2	6.4	0.498	0.495	0.8	1	0.811	0.8	
2.3	3.1	0.9	0.8	0.2	1.1	2.7	7.2
2010	3869	Darren Collison	NA	PG	22	1	NBA	
NOH	76	37	27.8	4.9	10.4	0.477	0.6	1.5	
0.4	4.3	8.9	0.49	0.506	1.9	2.3	0.851	0.5	2	
2.5	5.7	1	0.1	2.7	1.2	12.4
2010	3870	David Andersen	NA	C	29	1	NBA	
HOU	63	0	14.1	2.3	5.4	0.432	0.4	1.2	
0.346	1.9	4.2	0.458	0.472	0.7	1.1	0.687	0.9	
2.4	3.3	0.7	0.2	0.2	0.6	1.9	5.8
2010	3590	David Lee	1983	C	26	5	NBA	
NYK	81	81	37.3	8.5	15.5	0.545	0	0.1	0	
8.5	15.4	0.549	0.545	3.3	4.1	0.812	2.8	8.9	
11.7	3.6	1	0.5	2.3	3.2	20.2
2010	3442	David West	NA	PF	29	7	NBA	
NOH	81	81	36.4	7.6	15.1	0.505	0.1	0.3	
0.259	7.6	14.8	0.51	0.508	3.7	4.2	0.865	2	
5.4	7.5	3	0.9	0.7	2.1	2.9	19
2010	3810	DeAndre Jordan	NA	C	21	2	NBA	
LAC	70	12	16.2	2.1	3.4	0.605	0	0	0	
2.1	3.4	0.61	0.605	0.7	1.8	0.375	1.7	3.3	5	
0.3	0.2	0.9	1.1	2.2	4.8
2010	3871	DeJuan Blair	NA	PF	20	1	NBA	
SAS	82	23	18.2	3.4	6	0.556	0	0	0	
3.4	6	0.558	0.556	1.1	2	0.547	2.4	4	
6.4	0.8	0.6	0.5	1.4	2.7	7.8
2010	3872	DeMar DeRozan	NA	SG	20	1	NBA	
TOR	77	65	21.6	3.3	6.6	0.498	0.1	0.2	
0.25	3.3	6.4	0.506	0.502	1.9	2.5	0.763	0.9	2	
2.9	0.7	0.6	0.2	0.8	2.3	8.6
2010	3873	DeMarre Carroll	NA	SF	23	1	NBA	
MEM	71	1	11.2	1.2	3.1	0.396	0	0.1	0	
1.2	3	0.407	0.396	0.5	0.7	0.623	0.7	1.4	
2.1	0.5	0.4	0.1	0.3	1.5	2.9
2010	2979	Derek Fisher	NA	PG	35	14	NBA	
LAL	82	82	27.2	2.6	6.8	0.38	1	2.7	
0.348	1.6	4.1	0.401	0.45	1.4	1.6	0.856	0.3	
1.8	2.1	2.5	1.1	0.1	1	2.5	7.5
2010	3592	Deron Williams	NA	PG	25	5	NBA	
UTA	76	76	36.9	6.5	13.9	0.469	1.3	3.4	
0.371	5.2	10.4	0.501	0.515	4.4	5.5	0.801	0.7	
3.3	4	10.5	1.3	0.2	3.3	2.7	18.7
2010	3812	Derrick Rose	NA	PG	21	2	NBA	
CHI	78	78	36.8	8.6	17.6	0.489	0.2	0.8	
0.267	8.4	16.8	0.5	0.495	3.3	4.3	0.766	0.8	
2.9	3.8	6	0.7	0.3	2.8	1.2	20.8
2010	3242	DeShawn Stevenson	NA	SG	28	10	
NBA	TOT	64	18	13.8	0.7	2.5	0.282	0.3	
1.4	0.218	0.4	1.2	0.355	0.34	0.4	0.5	0.714	
0.2	1.3	1.4	0.9	0.3	0.1	0.5	1.2	2.1
2010	3517	Devin Harris	NA	PG	26	6	NBA	
NJN	64	61	34.7	5.6	13.8	0.403	0.9	3.4	
0.276	4.6	10.4	0.444	0.437	4.8	6	0.798	0.4	
2.8	3.2	6.6	1.2	0.3	2.8	2.8	16.9
2010	3116	Dirk Nowitzki	NA	PF	31	12	NBA	
DAL	81	80	37.5	8.9	18.5	0.481	0.6	1.5	
0.421	8.3	17	0.487	0.498	6.6	7.2	0.915	1	
6.7	7.7	2.7	0.9	1	1.8	2.6	25
2010	3813	Donté Greene	NA	SF	21	2	NBA	
SAC	76	50	21.4	3.2	7.3	0.441	0.9	2.4	
0.377	2.3	4.9	0.473	0.504	1.2	1.8	0.643	0.7	
2.4	3.1	0.9	0.5	0.7	1.2	2	8.5
2010	3519	Dorell Wright	NA	SF	24	6	NBA	
MIA	72	1	20.8	2.7	5.8	0.463	0.8	2.2	
0.389	1.8	3.6	0.508	0.536	0.8	1	0.884	0.7	
2.6	3.3	1.3	0.7	0.4	0.7	1.3	7.1
2010	3380	Drew Gooden	NA	C-PF	28	8	NBA	
TOT	70	33	25.1	4.1	8.6	0.478	0	0.1	
0.125	4.1	8.5	0.483	0.479	2.7	3.1	0.861	3	
4.8	7.7	0.7	0.6	0.8	1.5	2.8	10.9
2010	3520	Dwight Howard	NA	C	24	6	NBA	
ORL	82	82	34.7	6.2	10.2	0.612	0	0.1	0	
6.2	10.1	0.617	0.612	5.9	10	0.592	3.5	9.7	
13.2	1.8	0.9	2.8	3.3	3.5	18.3
2010	3445	Dwyane Wade	NA	SG	28	7	NBA	
MIA	77	77	36.3	9.3	19.6	0.476	0.9	3.2	
0.3	8.4	16.5	0.509	0.5	6.9	9.1	0.761	1.4	
3.5	4.8	6.5	1.8	1.1	3.3	2.4	26.6
2010	3117	Earl Boykins	NA	PG	33	11	NBA	
WAS	67	1	16.7	2.6	6	0.427	0.3	0.9	
0.317	2.3	5.1	0.446	0.45	1.1	1.3	0.865	0.3	
0.9	1.1	2.6	0.4	0	1	0.7	6.6
2010	3311	Earl Watson	NA	PG	30	9	NBA	
IND	79	52	29.4	2.8	6.6	0.426	0.7	2.3	
0.288	2.2	4.3	0.5	0.476	1.5	2.1	0.71	0.7	
2.4	3	5.1	1.3	0.2	2.2	2.3	7.8
2010	3247	Eddie House	NA	PG-SG	31	10	NBA	
TOT	68	0	17.9	2.5	6.7	0.38	1.2	3.3	
0.348	1.4	3.4	0.412	0.467	0.7	0.8	0.923	0.2	
1.4	1.6	1.3	0.6	0.1	0.7	1.2	7
2010	3186	Elton Brand	NA	PF	30	11	NBA	
PHI	76	57	30.2	5.4	11.3	0.48	0	0	0	
5.4	11.3	0.481	0.48	2.3	3.1	0.738	2.4	3.7	
6.1	1.4	1.1	1.1	1.7	3.1	13.1
2010	3521	Emeka Okafor	NA	C	27	6	NBA	
NOH	82	82	28.9	4.2	8	0.53	0	0	NA	
4.2	8	0.53	0.53	1.9	3.3	0.562	3.1	6	9	
0.7	0.7	1.5	1.4	2.7	10.4
2010	3876	Eric Maynor	NA	PG	22	1	NBA	
TOT	81	2	15.7	1.9	4.5	0.418	0.3	0.9	
0.31	1.6	3.7	0.444	0.448	0.6	0.9	0.722	0.3	
1.3	1.6	3.3	0.5	0.1	1	1.4	4.7
2010	3669	Ersan İlyasova	NA	PF	22	2	NBA	
MIL	81	31	23.4	4	9	0.443	1	3	
0.336	3	6	0.496	0.499	1.4	2	0.715	1.9	
4.4	6.4	1	0.7	0.3	0.9	3.1	10.4
2010	3816	George Hill	NA	PG	23	2	NBA	
SAS	78	43	29.2	4.5	9.5	0.478	1	2.4	
0.399	3.6	7.1	0.505	0.529	2.3	3	0.772	0.5	
2.1	2.6	2.9	0.9	0.3	1.3	2.8	12.4
2010	3316	Gerald Wallace	NA	SF	27	9	NBA	
CHA	76	76	41	6	12.4	0.484	0.7	1.8	
0.371	5.3	10.6	0.503	0.511	5.6	7.2	0.776	2	
8.1	10	2.1	1.5	1.1	2.3	2.6	18.2
2010	3817	Goran Dragić	NA	PG	23	2	NBA	
PHO	80	2	18	2.8	6.1	0.452	0.9	2.4	
0.394	1.9	3.8	0.488	0.527	1.5	2	0.736	0.5	
1.7	2.1	3	0.6	0.1	1.6	1.6	7.9
2010	2863	Grant Hill	NA	SF	37	15	NBA	
PHO	81	81	30	4.1	8.7	0.478	0.4	1	
0.438	3.7	7.7	0.483	0.503	2.5	3.1	0.817	0.9	
4.6	5.5	2.4	0.7	0.4	1.3	2	11.3
2010	3605	Hakim Warrick	NA	PF	27	5	NBA	
TOT	76	6	20.5	3.5	7.2	0.482	0	0.1	
0.143	3.5	7.1	0.486	0.483	2.7	3.6	0.737	1.7	
2.5	4.1	0.7	0.3	0.2	1.1	1.7	9.6
2010	3879	Hasheem Thabeet	NA	C	22	1	NBA	
MEM	68	13	13	1.1	1.9	0.588	0	0	NA	
1.1	1.9	0.588	0.588	0.8	1.4	0.581	1.3	2.3	
3.6	0.2	0.2	1.3	0.6	2.4	3.1
2010	3252	Hedo Türkoğlu	NA	SF	30	10	NBA	
TOR	74	69	30.7	3.7	9.1	0.409	1.5	3.9	
0.374	2.3	5.2	0.436	0.49	2.4	3.1	0.774	0.6	
4.1	4.6	4.1	0.7	0.4	1.7	3	11.3
2010	3448	Ime Udoka	NA	SG	32	6	NBA	
SAC	69	2	13.7	1.3	3.5	0.378	0.4	1.3	
0.286	0.9	2.2	0.433	0.432	0.6	0.8	0.737	0.7	2	
2.8	0.8	0.5	0.1	0.6	1.2	3.6
2010	3673	J.J. Barea	NA	PG	25	4	NBA	
DAL	78	18	19.8	3	6.8	0.44	0.7	2	
0.357	2.3	4.7	0.476	0.493	1	1.2	0.844	0.2	
1.7	1.9	3.3	0.4	0.1	1.3	1.5	7.6
2010	3821	J.J. Hickson	NA	PF	21	2	NBA	
CLE	81	73	20.9	3.6	6.4	0.554	0	0	0	
3.6	6.4	0.555	0.554	1.4	2	0.681	1.4	3.6	
4.9	0.5	0.4	0.5	1.1	1.6	8.5
2010	3674	J.J. Redick	NA	SG	25	4	NBA	
ORL	82	9	22	3	6.7	0.439	1.4	3.3	
0.405	1.6	3.4	0.473	0.54	2.3	2.7	0.86	0.2	
1.7	1.9	1.9	0.3	0	0.8	1.4	9.6
2010	3527	J.R. Smith	NA	SG	24	6	NBA	
DEN	75	0	27.8	5.7	13.8	0.414	2.1	6.2	
0.338	3.6	7.5	0.477	0.491	1.9	2.7	0.706	0.4	
2.7	3.1	2.4	1.3	0.3	1.9	2.3	15.4
2010	3258	Jamal Crawford	NA	SG	29	10	NBA	
ATL	79	0	31.1	6.3	14	0.449	2.1	5.4	
0.382	4.2	8.6	0.491	0.523	3.4	4	0.857	0.4	
2.1	2.5	3	0.8	0.2	1.7	1.7	18
2010	3530	Jameer Nelson	NA	PG	27	6	NBA	
ORL	65	64	28.6	4.9	10.9	0.449	1.3	3.5	
0.381	3.6	7.4	0.481	0.51	1.5	1.8	0.845	0.4	
2.6	3	5.4	0.7	0	2.1	2.3	12.6
2010	3880	James Harden	NA	SG	20	1	NBA	
OKC	76	0	22.9	3.1	7.6	0.403	1.2	3.3	
0.375	1.8	4.3	0.424	0.484	2.6	3.2	0.808	0.6	
2.6	3.2	1.8	1.1	0.3	1.4	2.6	9.9
2010	3881	James Johnson	NA	PF	22	1	NBA	
CHI	65	11	11.6	1.5	3.2	0.452	0.2	0.7	
0.326	1.2	2.5	0.488	0.488	0.8	1.1	0.729	0.5	
1.4	2	0.7	0.3	0.7	1	1.9	3.9
2010	3192	James Posey	NA	SF	33	11	NBA	
NOH	77	2	22.5	1.6	4.5	0.365	1.1	3.1	
0.335	0.6	1.3	0.437	0.483	0.9	1	0.825	0.4	
3.9	4.3	1.5	0.5	0.2	0.7	2.6	5.2
2010	3389	Jannero Pargo	NA	PG	30	7	NBA	
CHI	63	5	13.2	2.1	6	0.346	0.6	2.2	
0.275	1.5	3.9	0.387	0.396	0.7	0.7	0.933	0.1	
1.1	1.2	1.4	0.5	0	0.8	1.1	5.5
2010	3758	Jared Dudley	NA	SF	24	3	NBA	
PHO	82	1	24.3	2.7	6	0.459	1.5	3.2	
0.458	1.3	2.8	0.461	0.582	1.3	1.7	0.754	1.2	
2.2	3.4	1.4	1	0.2	0.8	2	8.2
2010	3390	Jared Jeffries	NA	PF-SF	28	8	NBA	
TOT	70	37	25.6	2	4.5	0.439	0.3	1	
0.296	1.7	3.5	0.481	0.473	1.1	1.7	0.625	1.9	
2.3	4.1	1.4	0.9	1	1.1	2.9	5.3
2010	3608	Jarrett Jack	NA	PG	26	5	NBA	
TOR	82	43	27.4	3.9	8.2	0.481	1	2.4	
0.412	2.9	5.8	0.511	0.542	2.5	2.9	0.842	0.4	
2.3	2.7	5	0.7	0.1	2	1.8	11.4
2010	2870	Jason Kidd	NA	PG	36	16	NBA	
DAL	80	80	36	3.6	8.4	0.423	2.2	5.2	
0.425	1.4	3.2	0.42	0.554	1	1.2	0.808	0.6	5	
5.6	9.1	1.8	0.4	2.4	1.8	10.3
2010	3609	Jason Maxiell	NA	C	26	5	NBA	
DET	76	29	20.4	2.8	5.5	0.511	0	0	0	
2.8	5.4	0.512	0.511	1.2	2	0.574	2.1	3.2	
5.3	0.5	0.5	0.5	0.9	2.3	6.8
2010	3323	Jason Richardson	NA	SG	29	9	
NBA	PHO	79	76	31.5	6	12.6	0.474	2	
5.1	0.393	4	7.6	0.528	0.553	1.7	2.3	0.739	1	
4.1	5.1	1.8	0.8	0.4	1.2	2.1	15.7
2010	3194	Jason Terry	NA	SG	32	11	NBA	
DAL	77	12	33	5.9	13.5	0.438	1.8	4.8	
0.365	4.2	8.7	0.479	0.503	3	3.5	0.866	0.2	
1.6	1.8	3.8	1.2	0.2	1.4	1.8	16.6
2010	3823	Jason Thompson	NA	C	23	2	NBA	
SAC	75	58	31.4	4.9	10.5	0.472	0	0.1	
0.1	4.9	10.3	0.477	0.473	2.6	3.7	0.715	3	
5.5	8.5	1.7	0.5	1	1.9	3.7	12.5
2010	3123	Jason Williams	NA	PG	34	11	NBA	
ORL	82	18	20.8	2.3	5.2	0.444	1	2.7	
0.38	1.3	2.5	0.512	0.542	0.4	0.5	0.756	0.1	
1.5	1.5	3.6	0.6	0	1.1	0.8	6
2010	3761	Jeff Green	NA	PF	23	3	NBA	
OKC	82	82	37.1	5.9	13	0.453	1.3	3.8	
0.333	4.6	9.2	0.503	0.502	2	2.7	0.74	1.4	
4.6	6	1.6	1.3	0.9	1.6	2.7	15.1
2010	3884	Jeff Teague	NA	PG	21	1	NBA	
ATL	71	3	10.1	1.3	3.2	0.396	0.1	0.5	
0.219	1.2	2.7	0.426	0.412	0.6	0.7	0.837	0.1	
0.9	0.9	1.7	0.5	0.2	0.7	1.2	3.2
2010	2993	Jermaine O'Neal	NA	C	31	14	NBA	
MIA	70	70	28.4	5.6	10.6	0.529	0	0	0	
5.6	10.6	0.53	0.529	2.3	3.2	0.72	1.8	5.2	
6.9	1.3	0.4	1.4	1.8	3	13.6
2010	3826	Jerryd Bayless	NA	SG	21	2	NBA	
POR	74	11	17.6	2.7	6.5	0.414	0.4	1.2	
0.315	2.3	5.3	0.437	0.444	2.7	3.3	0.831	0.2	
1.4	1.6	2.3	0.4	0.1	1.3	2.1	8.5
2010	3763	Joakim Noah	NA	C	24	3	NBA	
CHI	64	54	30.1	4.1	8.1	0.504	0	0	NA	
4.1	8.1	0.504	0.504	2.5	3.4	0.744	3.4	7.6	11	
2.1	0.5	1.6	1.8	3.1	10.7
2010	3327	Joe Johnson	NA	SG	28	9	NBA	
ATL	76	76	38	8.4	18.2	0.458	1.7	4.6	
0.369	6.7	13.6	0.488	0.505	2.9	3.5	0.818	1	
3.7	4.6	4.9	1.1	0.1	1.9	1.9	21.3
2010	2932	Joe Smith	NA	PF	34	15	NBA	
ATL	64	1	9.3	1.2	3	0.399	0	0.1	
0.143	1.2	2.9	0.409	0.402	0.6	0.8	0.813	1	
1.4	2.5	0.3	0.1	0.3	0.3	1.5	3
2010	3764	Joel Anthony	NA	C	27	3	NBA	
MIA	80	16	16.5	1	2	0.478	0	0	NA	
1	2	0.478	0.478	0.8	1.2	0.717	1.5	1.6	
3.1	0.2	0.3	1.4	0.6	2	2.7
2010	3610	Joey Graham	NA	SF	27	5	NBA	
DEN	63	18	12	1.7	3.2	0.52	0	0.2	
0.154	1.6	3	0.545	0.525	0.9	1.2	0.74	0.6	
1.3	2	0.3	0.4	0.1	0.7	1.7	4.2
2010	3393	John Salmons	NA	SG	30	8	NBA	
TOT	81	56	34.9	5.4	12.2	0.441	1.5	3.8	
0.382	3.9	8.4	0.468	0.501	3.1	3.8	0.83	0.4	
2.9	3.3	2.8	1.2	0.3	1.5	2	15.4
2010	3888	Jonas Jerebko	NA	PF	22	1	NBA	
DET	80	73	27.9	3.6	7.5	0.481	0.5	1.4	
0.313	3.2	6.1	0.52	0.511	1.6	2.2	0.71	2.4	
3.6	6	0.7	1	0.4	1	2.9	9.3
2010	3889	Jonny Flynn	NA	PG	20	1	NBA	
MIN	81	81	28.9	4.9	11.8	0.417	1	2.7	
0.358	4	9.1	0.434	0.457	2.8	3.3	0.826	0.3	
2.1	2.4	4.4	1	0	2.9	1.2	13.5
2010	3679	Jordan Farmar	NA	PG	23	4	NBA	
LAL	82	0	18	2.7	6.3	0.435	1	2.8	
0.376	1.7	3.5	0.483	0.518	0.7	1	0.671	0.2	
1.4	1.6	1.5	0.6	0.1	0.9	1.3	7.2
2010	3613	José Calderón	NA	PG	28	5	NBA	
TOR	68	39	26.7	4	8.4	0.482	1	2.5	
0.398	3	5.8	0.519	0.542	1.2	1.5	0.798	0.3	
1.8	2.1	5.9	0.7	0.1	1.5	2	10.3
2010	3681	Josh Boone	NA	PF	25	4	NBA	
NJN	63	28	16.6	1.9	3.5	0.525	0	0	NA	
1.9	3.5	0.525	0.525	0.3	0.9	0.328	2	3	5	
0.5	0.5	0.8	0.6	1.8	4
2010	3614	Josh Powell	NA	PF	27	5	NBA	
LAL	63	0	9.2	1.1	3.1	0.366	0.1	0.3	
0.438	1	2.8	0.36	0.384	0.3	0.5	0.645	0.7	
1.1	1.8	0.6	0.1	0.1	0.5	1.1	2.7
2010	3535	Josh Smith	NA	PF	24	6	NBA	
ATL	81	81	35.4	6.2	12.3	0.505	0	0.1	0	
6.2	12.2	0.508	0.505	3.2	5.2	0.618	2.8	6	
8.7	4.2	1.6	2.1	2.4	3	15.7
2010	3891	Jrue Holiday	NA	PG	19	1	NBA	
PHI	73	51	24.2	3.2	7.1	0.442	0.8	2.2	
0.39	2.3	4.9	0.465	0.502	0.9	1.2	0.756	0.8	
1.8	2.6	3.8	1.1	0.2	2.1	2.1	8
2010	3767	Julian Wright	NA	SF	22	3	NBA	
NOH	68	14	12.8	1.7	3.4	0.5	0	0.1	
0.333	1.7	3.3	0.504	0.504	0.4	0.6	0.61	0.9	
1.3	2.1	0.6	0.4	0.3	0.6	0.7	3.8
2010	2874	Juwan Howard	NA	C	36	16	NBA	
POR	73	27	22.4	2.6	5.1	0.509	0	0	0	
2.6	5.1	0.511	0.509	0.8	1	0.786	1.5	3.1	
4.6	0.8	0.4	0.1	1	2.6	6
2010	3456	Keith Bogans	NA	SF	29	7	NBA	
SAS	79	50	19.7	1.5	3.8	0.403	0.9	2.5	
0.357	0.6	1.3	0.49	0.52	0.5	0.6	0.74	0.3	
1.9	2.2	1.2	0.6	0.2	0.7	2	4.4
2010	3458	Kendrick Perkins	NA	C	25	7	
NBA	BOS	78	78	27.6	4	6.7	0.602	0	0	
0	4	6.7	0.605	0.602	2.1	3.6	0.582	2	
5.6	7.6	1	0.3	1.7	2.1	2.8	10.1
2010	3770	Kevin Durant	NA	SF	21	3	NBA	
OKC	82	82	39.5	9.7	20.3	0.476	1.6	4.3	
0.365	8.1	16.1	0.506	0.514	9.2	10.2	0.9	1.3	
6.3	7.6	2.8	1.4	1	3.3	2.1	30.1
2010	2936	Kevin Garnett	NA	PF	33	15	NBA	
BOS	69	69	29.9	5.8	11.2	0.521	0	0.1	
0.2	5.8	11.1	0.523	0.521	2.7	3.2	0.837	1.1	
6.2	7.3	2.7	1	0.8	1.5	2.5	14.3
2010	3459	Kirk Hinrich	NA	SG	29	7	NBA	
CHI	74	53	33.5	4.2	10.2	0.409	1.4	3.8	
0.371	2.8	6.4	0.431	0.478	1.1	1.5	0.752	0.3	
3.2	3.5	4.5	1.1	0.3	1.5	2.8	10.9
2010	3000	Kobe Bryant	NA	SG	31	14	NBA	
LAL	73	73	38.8	9.8	21.5	0.456	1.4	4.1	
0.329	8.5	17.4	0.487	0.488	6	7.4	0.811	1.1	
4.3	5.4	5	1.5	0.3	3.2	2.6	27
2010	3539	Kris Humphries	NA	PF	24	6	NBA	
TOT	69	0	17.7	2.6	5.9	0.441	0	0	0	
2.6	5.9	0.442	0.441	1.8	2.8	0.668	1.7	3.7	
5.5	0.5	0.5	0.7	1	2.1	7.1
2010	2937	Kurt Thomas	NA	C	37	15	NBA	
MIL	70	9	15	1.4	3	0.476	0	0	NA	
1.4	3	0.476	0.476	0.2	0.2	0.8	1.2	3	
4.2	0.7	0.4	0.7	0.7	2.3	3
2010	3685	Kyle Lowry	NA	PG	23	4	NBA	
HOU	68	0	24.3	2.7	6.8	0.397	0.5	2	
0.272	2.2	4.8	0.448	0.436	3.2	3.8	0.827	1.3	
2.3	3.6	4.5	0.9	0.1	1.7	2.5	9.1
2010	3201	Lamar Odom	NA	PF	30	11	NBA	
LAL	82	38	31.5	4.2	9	0.463	0.7	2.2	
0.319	3.5	6.8	0.51	0.502	1.7	2.5	0.693	2.2	
7.5	9.8	3.3	0.9	0.7	1.8	2.8	10.8
2010	3686	LaMarcus Aldridge	NA	PF	24	4	
NBA	POR	78	78	37.5	7.4	15	0.495	0.1	
0.2	0.313	7.4	14.8	0.498	0.497	2.9	3.9	0.757	
2.5	5.6	8	2.1	0.9	0.6	1.3	3	17.9
2010	3463	LeBron James	NA	SF	25	7	NBA	
CLE	76	76	39	10.1	20.1	0.503	1.7	5.1	
0.333	8.4	15	0.56	0.545	7.8	10.2	0.767	0.9	
6.4	7.3	8.6	1.6	1	3.4	1.6	29.7
2010	3688	Lou Amundson	NA	PF	27	4	NBA	
PHO	79	0	14.8	1.9	3.5	0.551	0	0	0	
1.9	3.5	0.553	0.551	0.8	1.6	0.545	1.6	2.8	
4.4	0.4	0.3	0.9	0.7	2.1	4.7
2010	3619	Lou Williams	NA	PG	23	5	NBA	
PHI	64	38	29.9	5	10.6	0.47	1.1	3.2	
0.34	3.9	7.4	0.527	0.521	3	3.6	0.824	0.4	
2.5	2.9	4.2	1.3	0.2	1.7	1.7	14
2010	3833	Luc Mbah a Moute	NA	PF	23	2	
NBA	MIL	73	62	25.6	2.4	5.1	0.48	0.1	
0.2	0.353	2.3	4.8	0.486	0.488	1.3	1.8	0.699	
2.3	3.1	5.5	1.1	0.8	0.5	1	2.5	6.2
2010	3774	Luis Scola	NA	PF	29	3	NBA	
HOU	82	82	32.6	6.8	13.3	0.514	0	0.1	
0.2	6.8	13.2	0.515	0.514	2.5	3.3	0.779	2.1	
6.5	8.6	2.1	0.8	0.3	2	3	16.2
2010	3465	Luke Ridnour	NA	PG	28	7	NBA	
MIL	82	0	21.5	4	8.4	0.478	0.8	2.2	
0.381	3.2	6.2	0.513	0.528	1.5	1.7	0.907	0.3	
1.5	1.7	4	0.7	0.1	1.3	2.2	10.4
2010	3543	Luol Deng	NA	SF	24	6	NBA	
CHI	70	69	37.9	6.8	14.5	0.466	0.5	1.2	
0.386	6.3	13.3	0.474	0.482	3.6	4.7	0.764	1.9	
5.4	7.3	2	0.9	0.9	1.9	1.8	17.6
2010	3401	Manu Ginóbili	NA	SG	32	8	NBA	
SAS	75	21	28.7	5.3	12	0.441	1.8	4.7	
0.377	3.5	7.4	0.481	0.514	4.1	4.7	0.87	0.9	
2.9	3.8	4.9	1.4	0.3	2.1	2.1	16.5
2010	3835	Marc Gasol	NA	C	25	2	NBA	
MEM	69	69	35.8	5.5	9.4	0.581	0	0	0	
5.5	9.4	0.582	0.581	3.7	5.4	0.67	3	6.3	
9.3	2.4	1	1.6	2	3.7	14.6
2010	3775	Marcin Gortat	NA	C	25	3	NBA	
ORL	81	0	13.4	1.5	2.8	0.533	0	0	0	
1.5	2.8	0.54	0.533	0.6	0.9	0.68	1.3	2.9	
4.2	0.2	0.2	0.9	0.6	1.7	3.6
2010	3776	Marco Belinelli	NA	SG	23	3	NBA	
TOR	66	1	17	2.3	5.7	0.406	0.9	2.4	
0.38	1.4	3.3	0.425	0.485	1.5	1.8	0.835	0.2	
1.2	1.4	1.3	0.6	0.1	0.9	1.2	7.1
2010	3004	Marcus Camby	NA	PF-C	35	14	NBA	
TOT	74	74	31.3	3.2	6.8	0.475	0	0.1	
0.286	3.2	6.7	0.478	0.477	1.1	1.6	0.639	3.4	
8.4	11.8	2.5	1.3	2	1.2	2.2	7.5
2010	3894	Marcus Thornton	NA	SG	22	1	NBA	
NOH	73	17	25.6	5.5	12.1	0.451	1.6	4.3	
0.374	3.8	7.8	0.493	0.517	2	2.4	0.814	1	
1.9	2.9	1.6	0.8	0.2	1	1.7	14.5
2010	3836	Mario Chalmers	NA	PG	23	2	NBA	
MIA	73	22	24.8	2.5	6.2	0.401	1	3.2	
0.318	1.5	3	0.491	0.483	1.1	1.5	0.745	0.3	
1.5	1.8	3.4	1.2	0.2	1.7	2.4	7.1
2010	3622	Martell Webster	NA	SF	23	5	NBA	
POR	82	49	24.5	3.2	7.8	0.405	1.5	4	
0.373	1.6	3.7	0.44	0.502	1.5	1.9	0.813	0.6	
2.7	3.3	0.8	0.5	0.5	0.7	1.9	9.4
2010	3624	Marvin Williams	NA	SF	23	5	NBA	
ATL	81	81	30.5	3.7	8.2	0.455	0.5	1.6	
0.303	3.2	6.6	0.492	0.485	2.2	2.7	0.819	1.3	
3.8	5.1	1.1	0.8	0.6	0.9	2	10.1
2010	3470	Matt Barnes	NA	SF	29	7	NBA	
ORL	81	58	25.9	3.3	6.9	0.487	0.8	2.6	
0.319	2.5	4.3	0.586	0.546	1.3	1.8	0.74	1.3	
4.2	5.5	1.7	0.7	0.4	1.4	2.3	8.8
2010	3546	Matt Bonner	NA	PF	29	6	NBA	
SAS	65	8	17.9	2.6	5.7	0.446	1.4	3.6	
0.39	1.2	2.2	0.539	0.567	0.5	0.7	0.729	0.8	
2.5	3.3	1	0.5	0.4	0.6	1.7	7
2010	3336	Maurice Evans	NA	SF	31	7	NBA	
ATL	79	5	16.7	2.2	5	0.445	0.7	2.1	
0.337	1.5	2.8	0.527	0.518	0.6	0.8	0.754	0.7	
1.2	1.9	0.6	0.4	0.2	0.3	1.6	5.7
2010	3404	Mehmet Okur	NA	C	30	8	NBA	
UTA	73	73	29.4	4.9	10.6	0.458	1.1	2.9	
0.385	3.7	7.7	0.486	0.511	2.7	3.3	0.82	1.8	
5.2	7.1	1.6	0.5	1.1	1.7	3.1	13.5
2010	3205	Metta World Peace	NA	SF	30	11	
NBA	LAL	77	77	33.8	4	9.6	0.414	1.4	
3.8	0.355	2.6	5.8	0.453	0.484	1.7	2.4	0.688	
1.3	3	4.3	3	1.4	0.3	1.6	2.1	11
2010	3838	Michael Beasley	NA	PF	21	2	NBA	
MIA	78	78	29.8	6	13.3	0.45	0.4	1.3	
0.275	5.6	12	0.469	0.463	2.5	3.1	0.8	1.6	
4.8	6.4	1.3	1	0.6	1.7	2.8	14.8
2010	3473	Mickaël Piétrus	NA	SF	27	7	NBA	
ORL	75	24	22.5	3.1	7.2	0.432	1.5	4.1	
0.379	1.6	3.1	0.502	0.54	0.9	1.5	0.633	0.5	
2.3	2.9	0.7	0.7	0.4	0.9	1.8	8.7
2010	3140	Mike Bibby	NA	PG	31	12	NBA	
ATL	80	80	27.4	3.4	8.1	0.416	1.6	4.1	
0.389	1.8	4	0.444	0.514	0.9	1	0.861	0.3	
2.1	2.3	3.9	0.8	0	1.1	2	9.1
2010	3779	Mike Conley	NA	PG	22	3	NBA	
MEM	80	80	32.1	4.6	10.4	0.445	1	2.7	
0.387	3.6	7.7	0.464	0.494	1.7	2.3	0.743	0.4	2	
2.4	5.3	1.4	0.2	2.1	2.2	12
2010	3407	Mike Dunleavy	1980	SF	29	8	NBA	
IND	67	15	22.2	3.4	8.3	0.41	1.1	3.5	
0.318	2.3	4.8	0.478	0.478	2	2.4	0.842	0.4	
3.1	3.5	1.5	0.6	0.2	1.1	1.6	9.9
2010	3475	Mo Williams	NA	PG	27	7	NBA	
CLE	69	68	34.2	5.5	12.4	0.442	2.3	5.4	
0.429	3.2	7	0.452	0.535	2.6	2.9	0.894	0.4	
2.6	3	5.3	1	0.3	2.5	2.5	15.8
2010	3627	Monta Ellis	NA	SG	24	5	NBA	
GSW	64	64	41.4	9.9	22	0.449	1.2	3.6	
0.338	8.7	18.4	0.47	0.476	4.6	6.1	0.753	0.7	
3.3	4	5.3	2.2	0.4	3.8	3	25.5
2010	3549	Nenad Krstić	NA	C	26	6	NBA	
OKC	76	76	22.9	3.7	7.4	0.502	0	0.1	
0.2	3.7	7.3	0.505	0.503	1	1.4	0.717	1.8	
3.3	5	0.7	0.4	0.6	0.8	2.3	8.4
2010	3410	Nenê	NA	C	27	8	NBA	DEN	82	
82	33.6	5.1	8.7	0.587	0	0	0	5.1	
8.7	0.589	0.587	3.6	5.1	0.704	2	5.6	7.6	
2.5	1.4	1	1.5	3.4	13.8
2010	3550	Nick Collison	NA	C	29	6	NBA	
OKC	75	5	20.8	2.4	4.1	0.589	0	0.1	
0.25	2.4	4.1	0.593	0.591	1	1.4	0.692	2	
3.1	5.1	0.5	0.5	0.6	0.8	3.1	5.9
2010	3783	Nick Young	NA	SG	24	3	NBA	
WAS	74	23	19.2	3.1	7.5	0.418	0.9	2.3	
0.406	2.2	5.2	0.423	0.479	1.4	1.8	0.8	0.3	
1.1	1.4	0.6	0.4	0.1	0.8	2	8.6
2010	3842	O.J. Mayo	NA	SG	22	2	NBA	
MEM	82	82	38	6.6	14.4	0.458	1.7	4.3	
0.383	5	10.1	0.49	0.516	2.6	3.2	0.809	0.7	3	
3.8	3	1.2	0.2	2.1	2.1	17.5
2010	3896	Omri Casspi	NA	SF	21	1	NBA	
SAC	77	31	25.1	3.9	8.7	0.446	1	2.6	
0.369	2.9	6.1	0.48	0.502	1.5	2.3	0.672	1	
3.6	4.5	1.2	0.7	0.2	1.3	1.6	10.3
2010	3342	Pau Gasol	NA	C	29	9	NBA	
LAL	65	65	37	7	13	0.536	0	0.1	0	
7	12.9	0.539	0.536	4.4	5.6	0.79	3.7	7.6	
11.3	3.4	0.6	1.7	2.2	2.3	18.3
2010	3701	Paul Millsap	NA	PF	24	4	NBA	
UTA	82	8	27.8	4.7	8.7	0.538	0	0.1	
0.111	4.7	8.6	0.543	0.538	2.2	3.2	0.693	2.3	
4.5	6.8	1.6	0.8	1.2	1.4	3.5	11.6
2010	3146	Paul Pierce	NA	SF	32	12	NBA	
BOS	71	71	34	5.8	12.2	0.472	1.5	3.7	
0.414	4.2	8.5	0.497	0.535	5.2	6.1	0.852	0.5	
3.8	4.4	3.1	1.2	0.4	2.3	2.8	18.3
2010	3283	Quentin Richardson	NA	SF	29	10	
NBA	MIA	76	75	27.4	3.2	7.4	0.431	1.9	
4.7	0.397	1.3	2.7	0.493	0.558	0.7	0.9	0.732	
0.8	4.1	4.9	1.2	0.9	0.2	0.8	2.2	8.9
2010	3704	Rajon Rondo	NA	PG	23	4	NBA	
BOS	81	81	36.6	5.7	11.2	0.508	0.2	1	
0.213	5.5	10.2	0.536	0.517	2.2	3.5	0.621	1.2	
3.2	4.4	9.8	2.3	0.1	3	2.4	13.7
2010	3785	Ramon Sessions	NA	PG	23	3	NBA	
MIN	82	1	21.1	3.1	6.8	0.456	0	0.2	
0.067	3.1	6.6	0.467	0.457	2	2.8	0.717	0.7	
1.9	2.6	3.1	0.7	0.1	1.7	1.7	8.2
2010	3706	Randy Foye	NA	PG	26	4	NBA	
WAS	70	38	23.8	3.7	8.8	0.414	0.9	2.6	
0.346	2.8	6.2	0.442	0.464	1.8	2.1	0.89	0.2	
1.6	1.9	3.3	0.5	0.1	1.3	1.8	10.1
2010	3151	Rashard Lewis	NA	PF	30	12	NBA	
ORL	72	72	32.9	4.9	11.2	0.435	2.3	5.9	
0.397	2.5	5.3	0.476	0.539	2	2.5	0.806	0.9	
3.6	4.4	1.5	1.1	0.4	1.5	2.5	14.1
2010	2950	Rasheed Wallace	NA	C	35	15	NBA	
BOS	79	13	22.5	3.4	8.2	0.409	1	3.7	
0.283	2.3	4.6	0.511	0.472	1.2	1.6	0.768	0.5	
3.6	4.1	1	1	0.9	0.8	2.8	9
2010	3416	Rasual Butler	NA	SF	30	8	NBA	
LAC	82	64	33	4.3	10.6	0.409	1.8	5.3	
0.336	2.6	5.3	0.482	0.493	1.5	1.8	0.841	0.5	
2.5	2.9	1.4	0.4	0.8	1	1.5	11.9
2010	3016	Ray Allen	NA	SG	34	14	NBA	
BOS	80	80	35.2	5.8	12.2	0.477	1.8	5	
0.363	4	7.2	0.556	0.551	2.9	3.2	0.913	0.6	
2.6	3.2	2.6	0.8	0.3	1.6	2.3	16.3
2010	3634	Raymond Felton	NA	PG	25	5	NBA	
CHA	80	80	33	4.9	10.6	0.459	0.8	2	
0.385	4.1	8.6	0.475	0.494	1.7	2.2	0.763	0.7	
2.9	3.6	5.6	1.5	0.3	2.1	2.2	12.1
2010	3346	Richard Jefferson	NA	SF	29	9	
NBA	SAS	81	70	31.1	4.5	9.6	0.467	0.7	
2.3	0.316	3.7	7.3	0.515	0.505	2.6	3.5	0.735	
0.7	3.7	4.4	2	0.6	0.5	1.3	2.2	12.3
2010	3710	Rodney Carney	NA	SG	25	4	NBA	
PHI	68	0	12.6	1.7	4.1	0.401	0.6	2	
0.304	1.1	2.2	0.49	0.473	0.8	0.9	0.825	0.4	
1.6	2	0.5	0.4	0.3	0.3	1.2	4.7
2010	3786	Rodney Stuckey	NA	PG	23	3	NBA	
DET	73	67	34.2	6.2	15.2	0.405	0.2	1.1	
0.228	5.9	14.1	0.418	0.413	4.1	4.9	0.833	0.9	
2.9	3.8	4.8	1.4	0.2	2.2	2.8	16.6
2010	3419	Roger Mason	NA	SG	29	6	NBA	
SAS	79	5	19.2	2.4	6.3	0.389	1.1	3.3	
0.333	1.3	2.9	0.453	0.478	0.3	0.4	0.794	0.1	
1.9	2.1	1.7	0.4	0.2	0.7	1.3	6.3
2010	3420	Ronald Murray	NA	SG	30	8	NBA	
TOT	75	2	22.3	3.6	9.1	0.392	0.9	2.9	
0.312	2.7	6.2	0.431	0.443	1.9	2.6	0.727	0.4	
2.1	2.4	1.8	0.6	0.2	1.2	1.7	9.9
2010	3847	Roy Hibbert	NA	C	23	2	NBA	
IND	81	69	25.1	4.8	9.7	0.495	0	0.1	
0.5	4.7	9.6	0.495	0.497	2.1	2.8	0.754	2.2	
3.5	5.7	2	0.4	1.6	1.8	3.5	11.7
2010	3713	Rudy Gay	NA	SF	23	4	NBA	
MEM	80	80	39.7	7.5	16.1	0.466	0.8	2.5	
0.327	6.7	13.6	0.492	0.491	3.8	5	0.753	1.4	
4.5	5.9	1.9	1.5	0.8	2.1	2.5	19.6
2010	3849	Russell Westbrook	NA	PG	21	2	
NBA	OKC	82	82	34.3	5.9	14.1	0.418	0.3	
1.3	0.221	5.6	12.9	0.438	0.428	4	5.1	0.78	
1.7	3.1	4.9	8	1.3	0.4	3.3	2.5	16.1
2010	3850	Ryan Anderson	NA	PF	21	2	NBA	
ORL	63	6	14.5	2.7	6.2	0.436	1.2	3.3	
0.37	1.4	2.8	0.514	0.536	1.1	1.3	0.866	1.1	
2.1	3.2	0.6	0.4	0.2	0.9	1.3	7.7
2010	3638	Ryan Gomes	NA	SF	27	5	NBA	
MIN	76	64	29.1	4.3	9.6	0.447	1	2.6	
0.372	3.3	7	0.475	0.497	1.4	1.7	0.825	1	
3.6	4.6	1.6	0.8	0.2	1.3	2	10.9
2010	3714	Ryan Hollins	NA	C	25	4	NBA	
MIN	73	27	16.8	2.3	4.2	0.558	0	0	0	
2.3	4.1	0.56	0.558	1.5	2.2	0.69	1.1	1.8	
2.8	0.7	0.3	0.5	1.3	2.7	6.1
2010	3901	Sam Young	NA	SF	24	1	NBA	
MEM	80	1	16.5	2.8	6.2	0.451	0.1	0.7	
0.196	2.7	5.5	0.483	0.462	1.7	2.2	0.777	1	
1.6	2.5	0.7	0.4	0.3	1.2	1.3	7.4
2010	3349	Samuel Dalembert	NA	C	28	8	
NBA	PHI	82	80	25.9	3.5	6.4	0.545	0	0	
NA	3.5	6.4	0.545	0.545	1.2	1.6	0.729	2.9	
6.6	9.6	0.8	0.5	1.8	1.5	3.1	8.1
2010	3482	Sasha Pavlović	NA	SF	26	7	NBA	
MIN	71	0	12.4	1.5	4.2	0.363	0.5	1.7	
0.297	1	2.6	0.407	0.422	0.1	0.4	0.385	0.2	
1.5	1.6	0.8	0.3	0.1	0.7	1.2	3.7
2010	3558	Sasha Vujačić	NA	SG	25	6	NBA	
LAL	67	1	8.6	1	2.4	0.402	0.4	1.2	
0.309	0.6	1.2	0.494	0.479	0.4	0.5	0.848	0.4	
0.8	1.2	0.6	0.3	0.1	0.3	1	2.8
2010	3902	Serge Ibaka	NA	PF	20	1	NBA	
OKC	73	0	18.1	2.8	5.1	0.543	0	0	
0.5	2.7	5	0.543	0.545	0.8	1.3	0.63	1.9	
3.5	5.4	0.1	0.3	1.3	0.9	2.7	6.3
2010	3715	Sergio Rodríguez	NA	PG	23	4	
NBA	TOT	66	8	15.9	2.5	5.3	0.476	0.5	
1.4	0.352	2	3.9	0.519	0.521	1	1.4	0.731	
0.4	1	1.3	3.2	0.8	0.1	1.7	1.3	6.6
2010	3350	Shane Battier	NA	SG	31	9	NBA	
HOU	67	62	32.4	2.7	6.7	0.398	1.5	4.2	
0.362	1.1	2.5	0.458	0.511	1.1	1.6	0.726	1.1	
3.6	4.7	2.4	0.8	1.1	1	2.1	8
2010	3716	Shannon Brown	NA	SG	24	4	NBA	
LAL	82	7	20.7	3.1	7.2	0.427	0.8	2.3	
0.328	2.3	4.9	0.474	0.48	1.2	1.5	0.818	0.4	
1.9	2.2	1.3	0.7	0.4	0.8	1.6	8.1
2010	3218	Shawn Marion	NA	SF	31	11	NBA	
DAL	75	75	31.8	5.3	10.4	0.508	0	0.3	
0.158	5.2	10.1	0.516	0.51	1.4	1.9	0.755	2.1	
4.3	6.4	1.4	0.9	0.8	1.3	1.9	12
2010	3852	Sonny Weems	NA	SG	23	2	NBA	
TOR	69	19	19.8	3.4	6.6	0.515	0	0.2	
0.133	3.4	6.4	0.528	0.517	0.6	0.9	0.688	0.6	
2.2	2.8	1.5	0.6	0.4	0.9	1.8	7.5
2010	3788	Spencer Hawes	NA	C	21	3	NBA	
SAC	72	59	26.4	4.3	9.3	0.468	0.4	1.2	
0.299	4	8	0.494	0.488	1	1.5	0.689	2	4	
6.1	2.2	0.4	1.2	1.8	2.8	10
2010	3903	Stephen Curry	NA	PG	21	1	NBA	
GSW	80	77	36.2	6.6	14.3	0.462	2.1	4.8	
0.437	4.5	9.5	0.474	0.535	2.2	2.5	0.885	0.6	
3.9	4.5	5.9	1.9	0.2	3	3.2	17.5
2010	3645	Stephen Graham	NA	SG	27	5	NBA	
CHA	70	8	11.5	1.7	3.4	0.496	0.2	0.7	
0.32	1.5	2.7	0.542	0.529	0.6	0.9	0.646	0.3	
1.6	1.9	0.3	0.3	0.1	0.5	1.3	4.2
2010	3290	Stephen Jackson	NA	SG-PF	31	10	NBA	
TOT	81	81	38.6	7.4	17.5	0.423	1.6	4.9	
0.328	5.8	12.7	0.46	0.469	4.2	5.4	0.779	1	4	
5	3.7	1.6	0.5	3.2	2.4	20.6
2010	3290	Stephen Jackson	NA	SG	31	10	NBA	
CHA	72	72	39.3	7.6	17.8	0.423	1.6	4.9	
0.334	5.9	12.9	0.457	0.469	4.3	5.5	0.786	1	
4.1	5.1	3.6	1.6	0.5	3.2	2.5	21.1
2010	3484	Steve Blake	NA	PG	29	7	NBA	
TOT	80	38	27	2.7	6.5	0.416	1.5	3.7	
0.395	1.3	2.9	0.443	0.527	0.5	0.6	0.75	0.3	
2.1	2.3	4.8	0.7	0.1	1.6	1.5	7.3
2010	3028	Steve Nash	NA	PG	35	14	NBA	
PHO	81	81	32.8	6.2	12.2	0.507	1.5	3.6	
0.426	4.6	8.6	0.54	0.57	2.6	2.8	0.938	0.4	
2.9	3.3	11	0.5	0.1	3.6	1.3	16.5
2010	3905	Taj Gibson	NA	PF	24	1	NBA	
CHI	82	70	26.9	3.8	7.7	0.494	0	0	NA	
3.8	7.7	0.494	0.494	1.4	2.1	0.646	2.8	4.7	
7.5	0.9	0.6	1.3	1.4	3.4	9
2010	3907	Terrence Williams	NA	SF	22	1	
NBA	NJN	78	9	22.6	3.3	8.3	0.401	0.4	
1.3	0.31	2.9	7.1	0.417	0.425	1.3	1.8	0.715	
0.6	3.9	4.5	2.9	0.6	0.1	1.6	1.6	8.4
2010	3723	Thabo Sefolosha	NA	SG	25	4	NBA	
OKC	82	82	28.6	2.4	5.4	0.44	0.5	1.6	
0.313	1.9	3.8	0.494	0.486	0.7	1.1	0.674	0.9	
3.8	4.7	1.8	1.2	0.6	1.1	1.9	6
2010	3791	Thaddeus Young	NA	PF	21	3	NBA	
PHI	67	45	32	5.7	12.1	0.47	0.7	2.1	
0.348	5	10.1	0.495	0.499	1.7	2.5	0.691	1.9	
3.3	5.2	1.4	1.2	0.2	1.9	2	13.8
2010	3092	Tim Duncan	NA	C	33	13	NBA	
SAS	78	77	31.3	7.2	13.9	0.518	0	0.1	
0.182	7.2	13.7	0.522	0.519	3.5	4.8	0.725	2.8	
7.3	10.1	3.2	0.6	1.5	1.8	1.9	17.9
2010	3563	Trevor Ariza	NA	SF	24	6	NBA	
HOU	72	71	36.5	5.5	13.9	0.394	1.9	5.7	
0.334	3.6	8.2	0.436	0.462	2.1	3.2	0.649	1.1	
4.5	5.6	3.8	1.8	0.6	2.2	2.3	14.9
2010	3359	Troy Murphy	NA	PF	29	9	NBA	
IND	72	69	32.6	5.3	11.3	0.472	1.8	4.6	
0.384	3.6	6.7	0.533	0.551	2.1	2.7	0.798	1.8	
8.4	10.2	2.1	1	0.5	1.4	2.4	14.6
2010	3910	Ty Lawson	NA	PG	22	1	NBA	
DEN	65	8	20.3	3.1	6	0.515	0.5	1.3	
0.41	2.6	4.7	0.544	0.559	1.6	2.2	0.757	0.6	
1.3	1.9	3.1	0.7	0	1.3	1.4	8.3
2010	3912	Tyreke Evans	NA	SG	20	1	NBA	
SAC	72	72	37.2	7.4	16.2	0.458	0.5	2	
0.255	6.9	14.2	0.485	0.473	4.8	6.5	0.748	0.9	
4.4	5.3	5.8	1.5	0.4	3	2.8	20.1
2010	3491	Udonis Haslem	NA	PF	29	7	NBA	
MIA	78	0	27.9	4	8.1	0.494	0	0	NA	
4	8.1	0.494	0.494	1.9	2.5	0.762	2.1	5.9	
8.1	0.7	0.4	0.3	1	2.2	9.9
2010	3166	Vince Carter	NA	SG	33	12	NBA	
ORL	75	74	30.8	5.8	13.5	0.428	1.6	4.3	
0.367	4.2	9.2	0.456	0.486	3.4	4.1	0.84	0.4	
3.5	3.9	3.1	0.7	0.2	1.4	2.5	16.6
2010	3913	Wayne Ellington	NA	SG	22	1	NBA	
MIN	76	1	18.2	2.5	5.9	0.424	0.8	2.1	
0.395	1.7	3.8	0.441	0.496	0.8	0.9	0.871	0.4	
1.7	2.1	1	0.3	0.1	1	0.9	6.6
2010	3914	Wesley Matthews	NA	SG	23	1	NBA	
UTA	82	48	24.7	3.3	6.9	0.483	0.8	2	
0.382	2.6	4.9	0.525	0.539	2	2.4	0.829	0.6	
1.7	2.3	1.5	0.8	0.2	1.1	1.9	9.4
2010	3649	Will Bynum	NA	PG	27	3	NBA	
DET	63	20	26.5	3.8	8.5	0.444	0.2	0.9	
0.218	3.6	7.6	0.47	0.455	2.3	2.8	0.798	0.4	
1.9	2.3	4.5	0.9	0.1	1.8	2.3	10
2010	3492	Willie Green	NA	SG	28	7	NBA	
PHI	73	18	21.3	3.4	7.4	0.457	0.6	1.9	
0.346	2.8	5.6	0.494	0.5	1.3	1.6	0.833	0.3	
1.5	1.8	2.1	0.4	0.2	0.9	1.8	8.7
2010	3793	Wilson Chandler	NA	SG	22	3	NBA	
NYK	65	64	35.7	6.3	13.2	0.479	0.6	2.3	
0.267	5.7	10.9	0.524	0.502	2	2.5	0.806	1.4	
3.9	5.4	2.1	0.7	0.8	1.7	2.8	15.3
2010	3363	Zach Randolph	NA	PF	28	9	NBA	
MEM	81	81	37.7	8	16.5	0.488	0.2	0.6	
0.288	7.9	15.9	0.496	0.494	4.5	5.7	0.778	4.1	
7.7	11.7	1.8	1	0.4	2.1	2.8	20.8
2010	3494	Zaza Pachulia	NA	C	25	7	NBA	
ATL	78	1	14	1.5	3.2	0.488	0	0.1	0	
1.5	3.1	0.496	0.488	1.2	1.8	0.65	1.5	2.3	
3.8	0.5	0.5	0.4	0.7	2.4	4.3
2010	3100	Zydrunas Ilgauskas	NA	C	34	12	
NBA	CLE	64	6	20.9	3	6.8	0.443	0.2	
0.4	0.478	2.9	6.5	0.441	0.455	1.2	1.6	0.743	
1.8	3.6	5.4	0.8	0.2	0.8	1	2.9	7.4
