season	player_id	player	birth_year	pos	age	experience	lg	tm	g	mp	fg_per_36_min	fga_per_36_min	fg_percent	avg_dist_fga	percent_fga_from_x2p_range	percent_fga_from_x0_3_range	percent_fga_from_x3_10_range	percent_fga_from_x10_16_range	percent_fga_from_x16_3p_range	percent_fga_from_x3p_range	fg_percent_from_x2p_range	fg_percent_from_x0_3_range	fg_percent_from_x3_10_range	fg_percent_from_x10_16_range	fg_percent_from_x16_3p_range	fg_percent_from_x3p_range	percent_assisted_x2p_fg	percent_assisted_x3p_fg	percent_dunks_of_fga	num_of_dunks	percent_corner_3s_of_3pa	corner_3_point_percent
2023	4219	Aaron Gordon	NA	PF	27	9	NBA	DEN	68	2055	7.5	13.3	0.564	8.9	0.773	0.489	0.183	0.064	0.037	0.227	0.628	0.782	0.388	0.286	0.357	0.347	0.631	0.733	0.264	181	0.324	0.25
2023	4582	Aaron Holiday	NA	PG	26	5	NBA	ATL	63	845	3.9	9.4	0.418	14.7	0.6	0.223	0.168	0.132	0.077	0.4	0.424	0.612	0.216	0.31	0.529	0.409	0.214	0.861	0	0	0.17	0.2
2023	4805	Aaron Nesmith	NA	SF	23	3	NBA	IND	73	1816	5	11.7	0.427	15.5	0.468	0.249	0.136	0.063	0.02	0.532	0.496	0.639	0.263	0.486	0.333	0.366	0.701	0.965	0.042	22	0.424	0.383
2023	4900	Aaron Wiggins	NA	SG	24	2	NBA	OKC	70	1297	5.2	10.1	0.512	10.6	0.664	0.383	0.264	0.014	0.003	0.336	0.573	0.705	0.396	0.4	0	0.393	0.696	0.958	0.055	18	0.459	0.286
2023	5027	AJ Griffin	NA	SF	19	1	NBA	ATL	72	1401	6.4	13.7	0.465	16.8	0.514	0.101	0.165	0.173	0.075	0.486	0.536	0.63	0.568	0.522	0.375	0.39	0.558	0.891	0.017	9	0.293	0.408
2023	3734	Al Horford	NA	C	36	16	NBA	BOS	63	1922	4.3	9	0.476	18.8	0.322	0.14	0.123	0.038	0.021	0.678	0.539	0.672	0.525	0.278	0.2	0.446	0.675	0.993	0.023	11	0.378	0.488
2023	3982	Alec Burks	NA	SG	31	12	NBA	DET	51	1122	6.4	14.7	0.436	18.2	0.479	0.089	0.144	0.124	0.122	0.521	0.459	0.634	0.409	0.456	0.393	0.414	0.307	0.687	0.002	1	0.222	0.491
2023	4465	Alex Caruso	NA	PG	28	6	NBA	CHI	67	1575	3	6.5	0.455	15	0.472	0.29	0.112	0.052	0.017	0.528	0.556	0.699	0.281	0.4	0.4	0.364	0.533	0.945	0.028	6	0.49	0.405
2023	4904	Alperen Şengün	NA	C	20	2	NBA	HOU	75	2171	7.3	13.2	0.553	6	0.929	0.395	0.464	0.053	0.016	0.071	0.57	0.677	0.499	0.476	0.308	0.333	0.499	1	0.109	77	0.035	0
2023	4690	Amir Coffey	NA	SG	25	4	NBA	LAC	50	625	3.2	8.4	0.386	12.1	0.724	0.172	0.366	0.124	0.062	0.276	0.429	0.6	0.377	0.389	0.333	0.275	0.6	1	0.041	5	0.45	0.222
2023	4064	Andre Drummond	NA	C	29	11	NBA	CHI	67	849	7	11.6	0.606	2.3	0.989	0.763	0.215	0.011	0	0.011	0.613	0.66	0.475	0	NA	0	0.614	NA	0.277	66	0.333	0
2023	5029	Andrew Nembhard	NA	SG	23	1	NBA	IND	75	2073	4.9	11.2	0.441	15.4	0.592	0.172	0.182	0.169	0.068	0.408	0.504	0.721	0.436	0.376	0.455	0.35	0.406	0.913	0.002	1	0.266	0.357
2023	4586	Anfernee Simons	NA	SG	23	5	NBA	POR	62	2171	7.7	17.3	0.447	17.9	0.462	0.166	0.124	0.092	0.08	0.538	0.528	0.647	0.431	0.542	0.417	0.377	0.29	0.684	0.029	26	0.107	0.4
2023	4066	Anthony Davis	NA	C	29	11	NBA	LAL	56	1904	10.2	18.2	0.563	8.2	0.923	0.348	0.323	0.134	0.117	0.077	0.589	0.788	0.514	0.442	0.372	0.257	0.625	1	0.156	138	0.149	0.364
2023	4808	Anthony Edwards	NA	SG	21	3	NBA	MIN	79	2842	9	19.5	0.459	13.9	0.625	0.295	0.154	0.075	0.102	0.375	0.513	0.674	0.376	0.383	0.35	0.369	0.348	0.516	0.044	59	0.097	0.446
2023	4809	Anthony Gill	NA	PF	30	3	NBA	WAS	59	624	4.1	7.6	0.538	8.7	0.78	0.311	0.409	0.053	0.008	0.22	0.65	0.78	0.593	0.429	0	0.138	0.672	1	0.045	5	0.621	0.167
2023	4810	Anthony Lamb	NA	SF	25	3	NBA	GSW	62	1195	4.5	9.5	0.471	17.8	0.366	0.15	0.188	0.006	0.022	0.634	0.652	0.809	0.576	0	0.429	0.367	0.68	0.986	0.045	13	0.342	0.353
2023	4906	Austin Reaves	NA	SG	24	2	NBA	LAL	64	1843	5.1	9.6	0.529	15.4	0.559	0.184	0.194	0.129	0.053	0.441	0.631	0.833	0.558	0.54	0.423	0.398	0.405	0.86	0.016	8	0.264	0.368
2023	4069	Austin Rivers	NA	SG	30	11	NBA	MIN	52	1016	3.2	7.4	0.435	15.7	0.411	0.201	0.191	0.019	0	0.589	0.558	0.786	0.35	0.25	NA	0.35	0.354	0.907	0.019	3	0.659	0.42
2023	4907	Ayo Dosunmu	NA	SG	23	2	NBA	CHI	80	2098	4.8	9.8	0.493	11.2	0.668	0.411	0.147	0.07	0.04	0.332	0.583	0.679	0.429	0.5	0.304	0.312	0.55	1	0.018	9	0.466	0.33
2023	4472	Bam Adebayo	NA	C	25	6	NBA	MIA	75	2598	8.3	15.4	0.54	7.4	0.989	0.298	0.38	0.265	0.047	0.011	0.545	0.714	0.478	0.498	0.288	0.083	0.601	1	0.136	140	0	NA
2023	4474	Ben Simmons	NA	PG	26	5	NBA	BRK	42	1105	4.3	7.7	0.566	4.8	0.991	0.43	0.464	0.094	0.004	0.009	0.571	0.713	0.468	0.455	0	0	0.617	NA	0.157	32	0	NA
2023	5030	Bennedict Mathurin	NA	SF	20	1	NBA	IND	78	2222	6.7	15.4	0.434	12.2	0.674	0.292	0.262	0.076	0.044	0.326	0.488	0.626	0.398	0.361	0.333	0.323	0.601	0.74	0.035	28	0.197	0.328
2023	3984	Bismack Biyombo	NA	C	30	12	NBA	PHO	61	874	4.9	8.5	0.578	4.4	1	0.417	0.49	0.092	0	0	0.578	0.814	0.406	0.421	NA	NA	0.824	NA	0.214	42	NA	NA
2023	3920	Blake Griffin	NA	C	33	13	NBA	BOS	41	569	4	8.2	0.485	14	0.492	0.323	0.162	0.008	0	0.508	0.625	0.69	0.524	0	NA	0.348	0.775	1	0.062	8	0.318	0.333
2023	4307	Bobby Portis	NA	PF	27	8	NBA	MIL	70	1818	7.9	15.9	0.496	13.3	0.68	0.23	0.202	0.172	0.076	0.32	0.555	0.643	0.549	0.471	0.492	0.37	0.597	1	0.025	17	0.35	0.278
2023	4475	Bogdan Bogdanović	NA	SG	30	6	NBA	ATL	54	1508	6.5	14.6	0.447	19.1	0.411	0.088	0.098	0.133	0.092	0.589	0.506	0.648	0.567	0.481	0.339	0.406	0.457	0.815	0.003	2	0.211	0.382
2023	4224	Bojan Bogdanović	NA	PF	33	9	NBA	DET	59	1893	8.2	16.8	0.488	15.2	0.6	0.144	0.214	0.169	0.073	0.4	0.539	0.685	0.487	0.537	0.406	0.411	0.537	0.828	0.012	10	0.297	0.419
2023	4692	Bol Bol	NA	PF	23	4	NBA	ORL	70	1505	6.2	11.4	0.546	10.7	0.764	0.324	0.264	0.107	0.069	0.236	0.633	0.871	0.492	0.471	0.303	0.265	0.537	0.767	0.157	73	0.239	0.185
2023	4908	Bones Hyland	NA	PG	22	2	NBA	TOT	56	1085	7.6	18.9	0.399	17.6	0.448	0.156	0.175	0.082	0.035	0.552	0.434	0.618	0.31	0.319	0.5	0.371	0.279	0.607	0.007	3	0.137	0.442
2023	4908	Bones Hyland	NA	PG	22	2	NBA	DEN	42	820	7.6	19.1	0.399	17.7	0.445	0.147	0.18	0.081	0.037	0.555	0.425	0.641	0.321	0.257	0.438	0.378	0.305	0.549	0.007	2	0.12	0.483
2023	4072	Bradley Beal	NA	SG	29	11	NBA	WAS	50	1673	9.6	18.9	0.506	12.9	0.751	0.197	0.256	0.164	0.133	0.249	0.552	0.786	0.462	0.472	0.479	0.365	0.401	0.713	0.016	14	0.201	0.364
2023	4693	Brandon Clarke	NA	PF	26	4	NBA	MEM	56	1090	7.6	11.5	0.656	5.1	0.983	0.496	0.318	0.146	0.023	0.017	0.665	0.792	0.568	0.451	0.625	0.167	0.768	1	0.158	52	1	0.167
2023	4379	Brandon Ingram	NA	SF	25	7	NBA	NOP	45	1538	9.5	19.5	0.484	13.7	0.804	0.143	0.19	0.277	0.194	0.196	0.507	0.731	0.459	0.511	0.383	0.39	0.385	0.813	0.034	25	0.073	0.5
2023	3801	Brook Lopez	NA	C	34	15	NBA	MIL	78	2373	7.2	13.6	0.531	14	0.595	0.281	0.17	0.108	0.036	0.405	0.637	0.771	0.569	0.485	0.375	0.374	0.745	0.971	0.087	71	0.198	0.403
2023	4594	Bruce Brown	NA	SG	26	5	NBA	DEN	80	2280	5.7	11.7	0.483	12.2	0.657	0.266	0.273	0.086	0.032	0.343	0.548	0.802	0.386	0.391	0.25	0.358	0.551	0.923	0.076	50	0.398	0.376
2023	5032	Bryce McGowens	NA	SG	20	1	NBA	CHO	46	787	3.7	9.2	0.396	13	0.604	0.327	0.193	0.059	0.025	0.396	0.443	0.576	0.333	0.25	0	0.325	0.648	0.923	0.059	9	0.35	0.357
2023	4382	Buddy Hield	NA	SF	30	7	NBA	IND	80	2482	6.9	15.1	0.458	19.4	0.348	0.153	0.084	0.044	0.066	0.652	0.518	0.686	0.345	0.413	0.42	0.425	0.561	0.889	0.012	12	0.168	0.474
2023	5034	Caleb Houstan	NA	SF	20	1	NBA	ORL	51	812	2.9	8.1	0.363	20.1	0.253	0.159	0.038	0.005	0.049	0.747	0.435	0.483	0.429	0	0.333	0.338	0.65	1	0.005	0	0.338	0.478
2023	4696	Caleb Martin	NA	PF	27	4	NBA	MIA	71	2077	4.4	9.5	0.464	15	0.569	0.245	0.159	0.049	0.117	0.431	0.545	0.679	0.414	0.481	0.469	0.356	0.612	0.857	0.053	22	0.415	0.316
2023	4913	Cam Thomas	NA	SG	21	2	NBA	BRK	57	948	7.6	17.3	0.441	14.6	0.708	0.125	0.226	0.228	0.129	0.292	0.464	0.684	0.466	0.346	0.458	0.383	0.327	0.451	0.011	5	0.105	0.5
2023	4698	Cameron Johnson	NA	PF	26	4	NBA	TOT	42	1199	6.7	14.2	0.47	17	0.462	0.198	0.097	0.089	0.078	0.538	0.548	0.691	0.435	0.429	0.459	0.404	0.6	0.971	0.049	20	0.361	0.424
2023	4311	Cameron Payne	NA	PG	28	8	NBA	PHO	48	968	7	16.8	0.415	15.8	0.592	0.124	0.267	0.146	0.055	0.408	0.448	0.607	0.388	0.439	0.4	0.368	0.3	0.662	0	0	0.097	0.333
2023	4383	Caris LeVert	NA	SG	28	7	NBA	CLE	74	2237	5.1	11.9	0.431	14.7	0.563	0.239	0.181	0.116	0.028	0.437	0.462	0.633	0.373	0.302	0.238	0.392	0.373	0.709	0.043	30	0.231	0.413
2023	4479	Cedi Osman	NA	SF	27	6	NBA	CLE	77	1548	5.6	12.3	0.451	16.8	0.411	0.27	0.102	0.025	0.015	0.589	0.564	0.727	0.222	0.538	0	0.372	0.764	0.879	0.013	7	0.253	0.43
2023	4597	Chimezie Metu	NA	C	25	5	NBA	SAC	66	689	6.7	11.4	0.589	7.5	0.826	0.479	0.279	0.055	0.014	0.174	0.663	0.81	0.492	0.25	0.667	0.237	0.783	1	0.329	64	0.079	0
2023	4481	Chris Boucher	NA	PF	30	6	NBA	TOR	76	1523	6.2	12.5	0.493	11.2	0.643	0.416	0.166	0.038	0.023	0.357	0.585	0.655	0.455	0.4	0.583	0.328	0.578	0.984	0.149	69	0.497	0.351
2023	4919	Chris Duarte	NA	SF	25	2	NBA	IND	46	897	4.9	13.4	0.369	17.3	0.477	0.189	0.099	0.099	0.09	0.523	0.428	0.54	0.485	0.273	0.3	0.316	0.471	0.782	0.015	4	0.328	0.333
2023	3585	Chris Paul	NA	PG	37	18	NBA	PHO	59	1889	5.6	12.7	0.44	18	0.609	0.025	0.127	0.302	0.154	0.391	0.482	0.588	0.447	0.485	0.485	0.375	0.163	0.551	0	0	0.073	0.421
2023	5036	Christian Braun	NA	SG	21	1	NBA	DEN	76	1181	4.4	8.8	0.495	11.4	0.668	0.36	0.239	0.028	0.042	0.332	0.565	0.721	0.42	0.375	0.167	0.354	0.67	0.941	0.114	30	0.417	0.4
2023	5037	Christian Koloko	NA	C	22	1	NBA	TOR	58	802	3.2	6.7	0.48	4.9	0.92	0.633	0.213	0.067	0.007	0.08	0.514	0.6	0.313	0.4	0	0.083	0.704	1	0.32	36	0.5	0.167
2023	4313	Christian Wood	NA	C	27	7	NBA	DAL	67	1738	8.2	15.9	0.515	12.8	0.637	0.304	0.208	0.062	0.062	0.363	0.594	0.697	0.569	0.417	0.354	0.376	0.615	0.971	0.124	86	0.165	0.326
2023	4154	CJ McCollum	NA	SG	31	10	NBA	NOP	75	2649	8	18.3	0.437	16.2	0.596	0.109	0.21	0.15	0.127	0.404	0.469	0.626	0.443	0.512	0.327	0.389	0.303	0.758	0.004	3	0.107	0.328
2023	4230	Clint Capela	NA	C	28	9	NBA	ATL	65	1730	7.3	11.2	0.653	2.2	0.998	0.769	0.222	0.004	0.004	0.002	0.654	0.728	0.412	0	0.5	0	0.734	NA	0.291	146	0	NA
2023	4703	Coby White	NA	SG	22	4	NBA	CHI	74	1730	5.5	12.4	0.443	17.8	0.421	0.2	0.096	0.072	0.052	0.579	0.54	0.672	0.386	0.465	0.419	0.372	0.348	0.961	0.008	4	0.148	0.412
2023	4819	Cole Anthony	NA	PG	22	3	NBA	ORL	60	1552	6.4	14.1	0.454	14.7	0.662	0.143	0.249	0.151	0.12	0.338	0.5	0.632	0.447	0.522	0.425	0.364	0.248	0.733	0.023	11	0.083	0.353
2023	4599	Collin Sexton	NA	SG	24	5	NBA	UTA	48	1145	7.5	14.7	0.506	11.1	0.739	0.256	0.355	0.09	0.038	0.261	0.546	0.608	0.506	0.595	0.389	0.393	0.328	0.729	0.021	7	0.205	0.44
2023	4920	Corey Kispert	NA	SF	23	2	NBA	WAS	74	2093	5	10.1	0.497	18.8	0.344	0.179	0.125	0.029	0.01	0.656	0.637	0.762	0.534	0.412	0.333	0.424	0.766	0.982	0.029	15	0.224	0.488
2023	3992	Cory Joseph	NA	PG	31	12	NBA	DET	62	1227	4.4	10.3	0.427	17.3	0.487	0.1	0.217	0.097	0.074	0.513	0.468	0.657	0.434	0.441	0.346	0.389	0.25	0.771	0	0	0.178	0.406
2023	4317	D'Angelo Russell	NA	PG	26	8	NBA	TOT	71	2304	7	14.8	0.469	17.6	0.483	0.129	0.137	0.133	0.084	0.517	0.548	0.721	0.492	0.484	0.475	0.396	0.315	0.68	0	0	0.102	0.4
2023	4317	D'Angelo Russell	NA	PG	26	8	NBA	MIN	54	1778	6.8	14.7	0.465	17.8	0.479	0.118	0.124	0.147	0.089	0.521	0.546	0.698	0.511	0.477	0.508	0.391	0.311	0.649	0	0	0.113	0.349
2023	4922	Daishen Nix	NA	PG	20	2	NBA	HOU	57	914	3.2	9.3	0.342	17.4	0.409	0.19	0.194	0.004	0.021	0.591	0.423	0.489	0.37	1	0.2	0.286	0.439	0.825	0.013	2	0.15	0.238
2023	4387	Damian Jones	NA	C	27	7	NBA	TOT	41	477	4.2	6.5	0.64	7.2	0.802	0.593	0.186	0.012	0.012	0.198	0.652	0.706	0.5	0	1	0.588	0.733	0.9	0.302	21	0.765	0.692
2023	4077	Damian Lillard	NA	PG	32	11	NBA	POR	58	2107	9.5	20.5	0.463	17.9	0.453	0.235	0.109	0.05	0.058	0.547	0.574	0.671	0.427	0.533	0.486	0.371	0.157	0.516	0.012	10	0.058	0.395
2023	4484	Damion Lee	NA	SG	30	6	NBA	PHO	74	1506	4.8	10.8	0.442	17.5	0.454	0.122	0.144	0.126	0.062	0.546	0.439	0.6	0.385	0.456	0.214	0.445	0.7	0.991	0.004	2	0.393	0.495
2023	4705	Daniel Gafford	NA	C	24	4	NBA	WAS	78	1604	6.5	8.9	0.732	3.2	1	0.592	0.367	0.025	0.015	0	0.732	0.846	0.566	0.8	0.167	NA	0.668	NA	0.362	135	NA	NA
2023	4389	Danuel House Jr.	NA	SF	29	7	NBA	PHI	56	807	4.1	8.8	0.472	15.9	0.442	0.289	0.086	0.03	0.036	0.558	0.644	0.737	0.412	0.833	0.286	0.336	0.75	0.946	0.071	12	0.482	0.358
2023	4390	Dario Šarić	NA	PF	28	6	NBA	TOT	57	806	5.7	12.4	0.458	14	0.585	0.242	0.224	0.072	0.047	0.415	0.506	0.731	0.403	0.3	0.154	0.391	0.671	1	0.004	0	0.252	0.448
2023	4707	Darius Bazley	NA	PF	22	4	NBA	TOT	43	616	4.9	10.7	0.454	9.9	0.71	0.448	0.175	0.071	0.016	0.29	0.485	0.598	0.281	0.385	0	0.377	0.794	0.95	0.186	30	0.358	0.474
2023	4708	Darius Garland	NA	PG	23	4	NBA	CLE	69	2447	7.7	16.6	0.462	15.1	0.635	0.17	0.229	0.134	0.102	0.365	0.492	0.615	0.452	0.51	0.357	0.41	0.286	0.58	0.004	4	0.09	0.378
2023	5041	David Roddy	NA	PF	21	1	NBA	MEM	70	1258	5.2	12	0.429	14.5	0.495	0.271	0.183	0.026	0.014	0.505	0.553	0.711	0.351	0.545	0.167	0.307	0.609	0.969	0.057	22	0.415	0.341
2023	4926	Davion Mitchell	NA	PG	24	2	NBA	SAC	80	1447	4.5	9.9	0.454	16.4	0.506	0.213	0.13	0.058	0.105	0.494	0.584	0.706	0.558	0.348	0.5	0.32	0.449	0.873	0.005	1	0.193	0.316
2023	4392	Dāvis Bertāns	NA	PF	30	7	NBA	DAL	45	492	5	11.7	0.431	23.4	0.119	0.081	0.025	0.006	0.006	0.881	0.737	0.769	0.5	1	1	0.39	0.929	0.982	0.031	4	0.22	0.452
2023	4488	Davon Reed	NA	SG	27	4	NBA	TOT	43	342	2.9	8.8	0.333	18.6	0.452	0.095	0.131	0.095	0.131	0.548	0.289	0.375	0.182	0.125	0.455	0.37	0.455	0.941	0.024	1	0.304	0.357
2023	4927	Day'Ron Sharpe	NA	C	21	2	NBA	BRK	48	552	6.1	11.2	0.544	3.8	0.936	0.684	0.228	0.018	0.006	0.064	0.544	0.641	0.282	0.333	0	0.545	0.632	0.833	0.228	32	0.091	0
2023	4489	De'Aaron Fox	NA	PG	25	6	NBA	SAC	73	2435	10.1	19.7	0.512	13.5	0.724	0.171	0.251	0.194	0.108	0.276	0.584	0.803	0.569	0.488	0.444	0.324	0.16	0.613	0.033	41	0.128	0.255
2023	4709	De'Andre Hunter	NA	SF	25	4	NBA	ATL	67	2126	6.4	13.9	0.461	14.6	0.652	0.159	0.179	0.197	0.117	0.348	0.521	0.649	0.429	0.519	0.49	0.35	0.588	0.91	0.044	32	0.413	0.39
2023	4602	De'Anthony Melton	NA	PG	24	5	NBA	PHI	77	2150	4.6	10.9	0.425	18	0.381	0.186	0.131	0.037	0.028	0.619	0.484	0.628	0.329	0.292	0.5	0.39	0.483	0.879	0.011	6	0.246	0.374
2023	4710	Dean Wade	NA	PF	26	4	NBA	CLE	44	891	2.9	7.2	0.412	19.1	0.282	0.164	0.062	0.045	0.011	0.718	0.56	0.759	0.364	0.25	0	0.354	0.821	1	0.04	6	0.409	0.404
2023	4603	Deandre Ayton	NA	C	24	5	NBA	PHO	67	2035	9.2	15.7	0.589	7.7	0.973	0.313	0.352	0.223	0.085	0.027	0.597	0.806	0.532	0.455	0.467	0.292	0.792	0.857	0.131	110	0	NA
2023	4394	Dejounte Murray	NA	SG	26	6	NBA	ATL	74	2693	8.2	17.6	0.464	14.6	0.707	0.159	0.158	0.232	0.158	0.293	0.514	0.7	0.433	0.461	0.486	0.344	0.194	0.729	0.016	21	0.225	0.437
2023	4320	Delon Wright	NA	PG	30	8	NBA	WAS	50	1221	4.1	8.6	0.474	14.4	0.591	0.196	0.299	0.062	0.034	0.409	0.564	0.842	0.391	0.444	0.7	0.345	0.268	0.854	0.014	4	0.244	0.345
2023	3872	DeMar DeRozan	NA	SF	33	14	NBA	CHI	74	2682	8.8	17.5	0.504	13.7	0.891	0.165	0.125	0.263	0.338	0.109	0.526	0.735	0.491	0.499	0.459	0.324	0.244	0.848	0.023	29	0.31	0.318
2023	4823	Deni Avdija	NA	SF	22	3	NBA	WAS	76	2020	4.5	10.3	0.437	13.3	0.599	0.278	0.263	0.038	0.021	0.401	0.53	0.714	0.395	0.227	0.333	0.297	0.538	0.942	0.057	29	0.241	0.339
2023	4157	Dennis Schröder	NA	PG	29	10	NBA	LAL	66	1986	4.9	11.8	0.415	14.4	0.654	0.168	0.208	0.18	0.098	0.346	0.461	0.55	0.422	0.462	0.391	0.329	0.25	0.905	0	0	0.258	0.345
2023	4490	Dennis Smith Jr.	NA	PG	25	6	NBA	CHO	54	1390	4.8	11.7	0.412	11.4	0.754	0.33	0.232	0.093	0.1	0.246	0.475	0.664	0.343	0.357	0.267	0.216	0.42	0.958	0.053	22	0.225	0.28
2023	4397	Derrick Jones Jr.	NA	SF	25	7	NBA	CHI	64	893	4.6	9.3	0.5	9.7	0.652	0.548	0.096	0.009	0	0.348	0.587	0.627	0.364	0.5	NA	0.338	0.739	1	0.178	35	0.6	0.375
2023	4492	Derrick White	NA	SG	28	6	NBA	BOS	82	2319	5.4	11.8	0.462	16.1	0.484	0.16	0.22	0.08	0.024	0.516	0.548	0.719	0.461	0.508	0.333	0.381	0.502	0.899	0.018	11	0.284	0.387
2023	4824	Desmond Bane	NA	SG	24	3	NBA	MEM	58	1841	8.8	18.4	0.479	14.8	0.567	0.229	0.21	0.071	0.056	0.433	0.534	0.642	0.447	0.478	0.491	0.408	0.521	0.729	0.007	6	0.15	0.508
2023	4321	Devin Booker	NA	SG	26	8	NBA	PHO	53	1835	10.3	20.9	0.494	14.5	0.704	0.156	0.202	0.204	0.142	0.296	0.554	0.717	0.491	0.555	0.464	0.351	0.387	0.685	0.02	20	0.149	0.362
2023	4607	Devonte' Graham	NA	PG	27	5	NBA	TOT	73	1338	4.3	11.6	0.374	22.5	0.216	0.058	0.072	0.035	0.051	0.784	0.452	0.6	0.355	0.533	0.364	0.352	0.31	0.798	0	0	0.104	0.429
2023	4607	Devonte' Graham	NA	PG	27	5	NBA	NOP	53	811	3.8	10.3	0.368	23	0.177	0.056	0.056	0.03	0.035	0.823	0.463	0.462	0.308	0.571	0.625	0.347	0.421	0.848	0	0	0.105	0.35
2023	4494	Dillon Brooks	NA	SF	27	6	NBA	MEM	73	2214	6.4	16.1	0.396	15.8	0.557	0.157	0.19	0.138	0.072	0.443	0.451	0.635	0.362	0.453	0.282	0.326	0.438	0.797	0.012	12	0.164	0.361
2023	4400	Domantas Sabonis	NA	C	26	7	NBA	SAC	79	2736	7.6	12.3	0.615	6.3	0.912	0.493	0.318	0.044	0.058	0.088	0.639	0.762	0.5	0.512	0.444	0.373	0.581	1	0.094	81	0.12	0.2
2023	4495	Donovan Mitchell	NA	SG	26	6	NBA	CLE	68	2432	10.1	20.8	0.484	16.3	0.547	0.214	0.152	0.079	0.102	0.453	0.566	0.693	0.531	0.486	0.413	0.386	0.26	0.482	0.029	37	0.054	0.382
2023	4608	Donte DiVincenzo	NA	SG	26	5	NBA	GSW	72	1894	4.5	10.3	0.435	19.7	0.3	0.124	0.131	0.026	0.019	0.7	0.525	0.567	0.563	0.286	0.3	0.397	0.612	0.927	0.017	9	0.228	0.419
2023	4401	Dorian Finney-Smith	NA	PF	29	7	NBA	TOT	66	2009	3.5	9	0.391	17.8	0.325	0.218	0.088	0.012	0.008	0.675	0.503	0.642	0.227	0	0.5	0.337	0.671	0.974	0.084	33	0.382	0.38
2023	4237	Doug McDermott	NA	SF	31	9	NBA	SAS	64	1314	6.5	14.3	0.457	17.3	0.43	0.176	0.163	0.054	0.038	0.57	0.516	0.707	0.412	0.393	0.25	0.413	0.845	0.984	0.027	14	0.198	0.407
2023	4085	Draymond Green	NA	PF	32	11	NBA	GSW	73	2297	3.9	7.4	0.527	10.3	0.724	0.297	0.363	0.04	0.023	0.276	0.612	0.709	0.57	0.474	0.273	0.305	0.852	1	0.051	21	0.298	0.308
2023	4610	Drew Eubanks	NA	C	25	5	NBA	POR	78	1584	4.9	7.6	0.641	5.8	0.946	0.497	0.317	0.108	0.024	0.054	0.655	0.759	0.566	0.5	0.375	0.389	0.783	1	0.269	76	0.167	0
2023	4611	Duncan Robinson	NA	SF	28	5	NBA	MIA	42	691	4.6	12.3	0.371	22.3	0.19	0.055	0.089	0.034	0.013	0.81	0.556	0.769	0.476	0.5	0.333	0.328	0.92	1	0	0	0.188	0.306
2023	4239	Dwight Powell	NA	C	31	9	NBA	DAL	76	1458	4.9	6.6	0.732	2.5	0.981	0.799	0.167	0.004	0.011	0.019	0.746	0.791	0.578	0	0.333	0	0.787	NA	0.316	76	0.4	0
2023	5046	Dyson Daniels	NA	PG	19	1	NBA	NOP	59	1042	3	7.2	0.418	13.6	0.587	0.308	0.221	0.048	0.01	0.413	0.492	0.641	0.348	0.3	0	0.314	0.55	0.889	0.034	7	0.302	0.346
2023	4497	Edmond Sumner	NA	SG	27	5	NBA	BRK	53	736	6.1	13.2	0.461	11.2	0.677	0.316	0.268	0.052	0.041	0.323	0.511	0.624	0.389	0.357	0.636	0.356	0.634	0.903	0.033	9	0.529	0.348
2023	3815	Eric Gordon	NA	SG	34	15	NBA	TOT	69	1965	5.3	12	0.446	17.2	0.455	0.164	0.243	0.041	0.006	0.545	0.535	0.71	0.453	0.37	0.25	0.371	0.39	0.811	0.002	1	0.084	0.467
2023	3815	Eric Gordon	NA	SG	34	15	NBA	HOU	47	1418	5.3	12.1	0.439	16.5	0.487	0.163	0.274	0.042	0.008	0.513	0.536	0.744	0.458	0.3	0.25	0.347	0.32	0.765	0.002	1	0.078	0.526
2023	4931	Evan Mobley	NA	PF	21	2	NBA	CLE	79	2715	7	12.6	0.554	7.3	0.892	0.411	0.323	0.122	0.036	0.108	0.595	0.817	0.415	0.362	0.471	0.216	0.74	1	0.239	215	0.402	0.195
2023	4500	Frank Ntilikina	NA	PG	24	6	NBA	DAL	47	607	2.8	7.8	0.364	16.9	0.492	0.144	0.159	0.091	0.098	0.508	0.477	0.579	0.238	0.417	0.769	0.254	0.581	0.941	0	0	0.343	0.13
2023	4933	Franz Wagner	NA	SF	21	2	NBA	ORL	80	2609	7.5	15.4	0.485	12	0.678	0.27	0.311	0.063	0.034	0.322	0.544	0.728	0.42	0.414	0.447	0.361	0.464	0.8	0.03	29	0.172	0.435
2023	4403	Fred VanVleet	NA	PG	28	7	NBA	TOR	69	2535	6.2	15.8	0.393	18.6	0.455	0.12	0.144	0.091	0.101	0.545	0.455	0.586	0.375	0.406	0.455	0.342	0.187	0.594	0	0	0.122	0.419
2023	4717	Gabe Vincent	NA	PG	26	4	NBA	MIA	68	1759	4.7	11.6	0.402	19	0.383	0.093	0.138	0.09	0.062	0.617	0.512	0.547	0.462	0.451	0.657	0.334	0.432	0.735	0.002	1	0.323	0.381
2023	4718	Garrison Mathews	NA	SG	26	4	NBA	TOT	54	686	3.8	10.5	0.363	23.8	0.104	0.045	0.04	0.01	0.01	0.896	0.476	0.667	0.25	0.5	0.5	0.35	0.5	0.952	0.01	2	0.228	0.39
2023	4718	Garrison Mathews	NA	SG	26	4	NBA	HOU	45	602	3.6	10.2	0.353	24.1	0.088	0.041	0.035	0	0.012	0.912	0.467	0.571	0.333	NA	0.5	0.342	0.429	0.981	0.006	1	0.232	0.389
2023	4245	Gary Harris	NA	SG	28	9	NBA	ORL	48	1184	4.2	9.3	0.45	19.4	0.29	0.143	0.091	0.016	0.039	0.71	0.494	0.614	0.429	0	0.417	0.431	0.523	0.915	0.01	2	0.417	0.462
2023	4618	Gary Trent Jr.	NA	SG	24	5	NBA	TOR	66	2118	6.9	15.9	0.433	17.8	0.519	0.117	0.129	0.121	0.152	0.481	0.493	0.706	0.471	0.46	0.373	0.369	0.498	0.861	0.024	20	0.178	0.288
2023	3816	George Hill	NA	PG	36	15	NBA	TOT	46	834	3.4	7.2	0.47	17.7	0.428	0.205	0.102	0.054	0.066	0.572	0.62	0.706	0.412	0.667	0.636	0.358	0.477	0.853	0.018	3	0.337	0.438
2023	4405	Georges Niang	NA	PF	29	7	NBA	PHI	78	1512	5.3	12	0.442	20.8	0.235	0.096	0.112	0.024	0.004	0.765	0.576	0.688	0.536	0.333	0.5	0.401	0.75	1	0	0	0.19	0.534
2023	4164	Giannis Antetokounmpo	NA	PF	28	10	NBA	MIL	63	2024	12.6	22.7	0.553	8.1	0.866	0.48	0.212	0.091	0.084	0.134	0.596	0.791	0.354	0.353	0.355	0.275	0.415	0.617	0.166	198	0.023	0.25
2023	3817	Goran Dragić	NA	PG	36	15	NBA	TOT	58	870	5.8	13.9	0.421	15.8	0.567	0.185	0.128	0.179	0.075	0.433	0.468	0.613	0.372	0.35	0.56	0.359	0.393	0.904	0	0	0.186	0.481
2023	3817	Goran Dragić	NA	PG	36	15	NBA	CHI	51	787	5.8	13.7	0.425	15.5	0.572	0.191	0.13	0.181	0.07	0.428	0.48	0.632	0.359	0.352	0.619	0.352	0.39	0.911	0	0	0.195	0.48
2023	3941	Gordon Hayward	NA	SF	32	13	NBA	CHO	50	1577	6.3	13.3	0.475	14.4	0.725	0.16	0.201	0.191	0.172	0.275	0.532	0.763	0.487	0.486	0.42	0.325	0.554	0.904	0.028	16	0.231	0.432
2023	4720	Grant Williams	NA	PF	24	4	NBA	BOS	79	2045	3.8	8.4	0.454	17.5	0.389	0.137	0.2	0.046	0.006	0.611	0.546	0.738	0.463	0.364	0.333	0.395	0.594	0.957	0.032	15	0.416	0.421
2023	4620	Grayson Allen	NA	SG	27	5	NBA	MIL	72	1972	4.5	10.2	0.44	18.7	0.343	0.18	0.104	0.054	0.005	0.657	0.518	0.67	0.345	0.4	0	0.399	0.606	0.884	0.027	12	0.213	0.474
2023	4621	Hamidou Diallo	NA	SG	24	5	NBA	DET	56	996	7.8	13.6	0.573	6.8	0.944	0.443	0.304	0.125	0.072	0.056	0.593	0.753	0.456	0.426	0.481	0.238	0.643	1	0.139	48	0.524	0.273
2023	4089	Harrison Barnes	NA	PF	30	11	NBA	SAC	82	2662	5.1	10.7	0.473	13.7	0.554	0.259	0.234	0.053	0.008	0.446	0.553	0.717	0.405	0.429	0.333	0.374	0.587	0.932	0.063	47	0.365	0.395
2023	4623	Haywood Highsmith	NA	SF	26	3	NBA	MIA	54	969	3.5	8	0.431	15.4	0.495	0.241	0.148	0.069	0.037	0.505	0.523	0.692	0.406	0.267	0.375	0.339	0.625	0.973	0.06	13	0.44	0.313
2023	4939	Herbert Jones	NA	SF	24	2	NBA	NOP	66	1951	4.3	9.2	0.469	10.9	0.667	0.389	0.222	0.018	0.038	0.333	0.536	0.651	0.396	0.444	0.211	0.335	0.67	0.964	0.086	38	0.515	0.337
2023	4837	Immanuel Quickley	NA	PG	23	3	NBA	NYK	81	2344	6.4	14.4	0.448	16.5	0.515	0.127	0.205	0.127	0.056	0.485	0.521	0.681	0.5	0.471	0.346	0.37	0.263	0.72	0.009	8	0.271	0.366
2023	4838	Isaac Okoro	NA	SF	22	3	NBA	CLE	76	1652	3.8	7.7	0.494	12.8	0.517	0.376	0.133	0.006	0.003	0.483	0.617	0.684	0.426	1	0	0.363	0.752	0.952	0.099	31	0.854	0.377
2023	4627	Isaiah Hartenstein	NA	C	24	5	NBA	NYK	82	1626	3.9	7.2	0.535	6	0.887	0.56	0.202	0.122	0.003	0.113	0.576	0.623	0.576	0.375	0	0.216	0.611	1	0.144	42	0.649	0.292
2023	4940	Isaiah Jackson	NA	C	21	2	NBA	IND	63	1042	6.2	11	0.563	4.2	0.956	0.626	0.261	0.044	0.025	0.044	0.582	0.683	0.373	0.286	0.75	0.143	0.74	1	0.302	84	0.214	0.333
2023	4839	Isaiah Joe	NA	SG	23	3	NBA	OKC	73	1395	5.8	13.1	0.441	22.6	0.224	0.067	0.037	0.045	0.075	0.776	0.553	0.706	0.421	0.565	0.474	0.409	0.714	0.95	0.016	8	0.132	0.519
2023	4941	Isaiah Livers	NA	PF	24	2	NBA	DET	52	1199	3.6	8.6	0.417	20.7	0.295	0.076	0.076	0.066	0.076	0.705	0.541	0.864	0.409	0.368	0.5	0.365	0.696	0.932	0.031	9	0.315	0.422
2023	4722	Isaiah Roby	NA	PF	24	4	NBA	SAS	42	474	5.1	11.8	0.432	13.1	0.613	0.265	0.277	0.026	0.045	0.387	0.516	0.707	0.395	0.25	0.286	0.3	0.612	1	0.084	12	0.183	0.364
2023	4840	Isaiah Stewart	NA	C	21	3	NBA	DET	50	1414	5	11.2	0.442	13.5	0.535	0.302	0.209	0.009	0.016	0.465	0.542	0.571	0.478	0.5	0.857	0.327	0.688	1	0.075	29	0.327	0.328
2023	3946	Ish Smith	NA	PG	34	13	NBA	DEN	43	398	4.7	11.8	0.397	13.4	0.908	0.115	0.16	0.275	0.359	0.092	0.42	0.533	0.524	0.333	0.404	0.167	0.26	1	0	0	0.167	0
2023	4943	Ish Wainright	NA	SF	28	2	NBA	PHO	60	915	3.3	8.9	0.37	19.8	0.238	0.15	0.075	0.009	0.004	0.762	0.5	0.529	0.471	0.5	0	0.329	0.519	0.982	0.026	3	0.514	0.337
2023	4410	Ivica Zubac	NA	C	25	7	NBA	LAC	76	2170	5.4	8.5	0.634	3.3	0.996	0.593	0.377	0.021	0.004	0.004	0.637	0.702	0.546	0.455	0.5	0	0.733	NA	0.286	130	0	NA
2023	4723	Ja Morant	NA	PG	23	4	NBA	MEM	61	1948	10.5	22.4	0.466	11.1	0.753	0.289	0.295	0.144	0.025	0.247	0.519	0.652	0.419	0.463	0.467	0.307	0.181	0.533	0.058	55	0.1	0.433
2023	5048	Jabari Smith Jr.	NA	PF	19	1	NBA	HOU	79	2451	5.3	13.1	0.408	16.2	0.562	0.155	0.178	0.12	0.109	0.438	0.487	0.725	0.39	0.458	0.34	0.307	0.648	0.883	0.054	42	0.176	0.348
2023	5049	Jabari Walker	NA	SF	20	1	NBA	POR	56	619	4.8	11.5	0.419	10.5	0.717	0.404	0.197	0.071	0.045	0.283	0.472	0.6	0.256	0.357	0.444	0.286	0.716	0.938	0.116	19	0.232	0.154
2023	5052	Jaden Hardy	NA	SG	20	1	NBA	DAL	48	708	7.4	16.9	0.438	15	0.532	0.279	0.138	0.057	0.057	0.468	0.469	0.548	0.435	0.263	0.368	0.404	0.422	0.825	0.024	7	0.231	0.472
2023	5053	Jaden Ivey	NA	SG	20	1	NBA	DET	74	2304	6.4	15.4	0.416	14.1	0.644	0.244	0.213	0.098	0.09	0.356	0.457	0.588	0.335	0.406	0.443	0.343	0.246	0.733	0.034	29	0.117	0.366
2023	4841	Jaden McDaniels	NA	SF	22	3	NBA	MIN	79	2416	5.5	10.7	0.517	12.5	0.624	0.288	0.215	0.088	0.034	0.376	0.588	0.752	0.461	0.444	0.375	0.398	0.658	0.991	0.115	72	0.506	0.419
2023	4412	Jakob Poeltl	NA	C	27	7	NBA	TOT	72	1906	7.3	11.7	0.629	4.8	0.998	0.494	0.366	0.138	0.002	0.002	0.63	0.761	0.518	0.471	0	0	0.656	NA	0.045	27	0	NA
2023	4412	Jakob Poeltl	NA	C	27	7	NBA	SAS	46	1199	7.2	11.6	0.616	4.9	0.997	0.5	0.343	0.152	0.003	0.003	0.618	0.768	0.481	0.441	0	0	0.598	NA	0.039	15	0	NA
2023	4630	Jalen Brunson	NA	PG	26	5	NBA	NYK	68	2379	8.9	18.1	0.491	12.9	0.731	0.149	0.331	0.172	0.079	0.269	0.519	0.612	0.504	0.471	0.511	0.416	0.166	0.575	0.002	2	0.205	0.424
2023	5055	Jalen Duren	NA	C	19	1	NBA	DET	67	1670	5.6	8.6	0.648	3.3	0.995	0.606	0.339	0.048	0.003	0.005	0.652	0.747	0.511	0.474	0	0	0.667	NA	0.412	153	0.5	0
2023	4946	Jalen Green	NA	SG	20	2	NBA	HOU	76	2602	7.8	18.8	0.417	15.2	0.592	0.202	0.212	0.079	0.099	0.408	0.471	0.591	0.406	0.467	0.37	0.338	0.351	0.572	0.046	53	0.128	0.324
2023	4947	Jalen Johnson	NA	SF	21	2	NBA	ATL	70	1042	5.5	11.1	0.491	11.2	0.677	0.398	0.189	0.043	0.047	0.323	0.587	0.719	0.41	0.429	0.333	0.288	0.625	1	0.152	42	0.442	0.283
2023	4725	Jalen McDaniels	NA	SF	25	4	NBA	TOT	80	1913	5.3	11.6	0.455	12.4	0.624	0.316	0.214	0.078	0.016	0.376	0.53	0.646	0.417	0.396	0.4	0.332	0.578	0.974	0.076	37	0.392	0.33
2023	4725	Jalen McDaniels	NA	SF	25	4	NBA	CHO	56	1494	5.3	11.9	0.447	13.1	0.591	0.298	0.206	0.071	0.016	0.409	0.534	0.673	0.392	0.4	0.375	0.322	0.526	0.969	0.073	29	0.376	0.329
2023	4845	Jalen Smith	NA	PF	22	3	NBA	IND	68	1279	6.8	14.3	0.476	12.5	0.624	0.352	0.185	0.037	0.049	0.376	0.593	0.765	0.404	0.158	0.4	0.283	0.734	1	0.085	42	0.304	0.276
2023	4948	Jalen Suggs	NA	PG	21	2	NBA	ORL	53	1246	5.4	12.8	0.419	15.8	0.545	0.23	0.162	0.077	0.077	0.455	0.496	0.588	0.472	0.324	0.441	0.327	0.317	0.712	0.016	5	0.134	0.407
2023	5056	Jalen Williams	NA	SG	21	1	NBA	OKC	75	2276	6.5	12.6	0.521	10.4	0.742	0.377	0.246	0.073	0.047	0.258	0.579	0.726	0.436	0.448	0.351	0.356	0.416	0.904	0.106	77	0.146	0.367
2023	4413	Jamal Murray	NA	PG	25	6	NBA	DEN	65	2133	8	17.6	0.454	16.5	0.585	0.147	0.161	0.134	0.143	0.415	0.494	0.673	0.44	0.46	0.403	0.398	0.329	0.605	0.019	18	0.123	0.491
2023	3880	James Harden	NA	PG	33	14	NBA	PHI	58	2135	6.3	14.2	0.441	16.6	0.504	0.165	0.19	0.106	0.043	0.496	0.495	0.612	0.419	0.438	0.528	0.385	0.129	0.416	0.001	1	0.05	0.429
2023	4846	James Wiseman	NA	C	21	2	NBA	TOT	45	867	7.8	14.1	0.558	6.6	0.941	0.372	0.419	0.091	0.056	0.059	0.58	0.738	0.542	0.323	0.263	0.2	0.719	1	0.248	75	0.05	0
2023	4255	JaMychal Green	NA	PF	32	9	NBA	GSW	57	797	6.1	11.4	0.54	12.8	0.56	0.345	0.171	0.016	0.028	0.44	0.667	0.701	0.674	0.5	0.286	0.378	0.66	1	0.246	52	0.387	0.372
2023	4632	Jaren Jackson Jr.	NA	C	23	5	NBA	MEM	63	1787	8.4	16.6	0.506	11.4	0.657	0.304	0.319	0.028	0.006	0.343	0.585	0.704	0.496	0.348	0.4	0.355	0.595	0.96	0.112	83	0.209	0.322
2023	4634	Jarred Vanderbilt	NA	PF	23	5	NBA	TOT	78	1879	4.7	8.6	0.548	7.7	0.8	0.479	0.282	0.031	0.009	0.2	0.604	0.718	0.449	0.214	0.75	0.322	0.679	1	0.213	90	0.878	0.354
2023	4634	Jarred Vanderbilt	NA	PF	23	5	NBA	UTA	52	1254	5	8.9	0.556	7.8	0.817	0.447	0.318	0.042	0.01	0.183	0.606	0.755	0.444	0.231	0.667	0.333	0.682	1	0.206	61	0.895	0.373
2023	4515	Jarrett Allen	NA	C	24	6	NBA	CLE	68	2220	6.5	10.2	0.644	4.4	0.984	0.575	0.307	0.075	0.027	0.016	0.653	0.764	0.51	0.511	0.294	0.1	0.774	1	0.319	179	0.6	0
2023	3824	JaVale McGee	NA	C	35	15	NBA	DAL	42	355	8.1	12.7	0.64	4	0.96	0.56	0.368	0.032	0	0.04	0.65	0.814	0.413	0.5	NA	0.4	0.808	1	0.296	34	0	NA
2023	4730	Jaxson Hayes	NA	C	22	4	NBA	NOP	47	610	5.1	9.2	0.551	7.5	0.814	0.442	0.353	0.006	0.013	0.186	0.654	0.754	0.527	1	0.5	0.103	0.783	1	0.321	45	0.414	0.167
2023	4415	Jaylen Brown	NA	SF	26	7	NBA	BOS	67	2405	10.2	20.7	0.491	13.9	0.648	0.245	0.204	0.104	0.095	0.352	0.576	0.737	0.475	0.542	0.412	0.335	0.477	0.687	0.053	64	0.125	0.279
2023	4732	Jaylen Nowell	NA	SG	23	4	NBA	MIN	65	1252	8.1	18	0.448	13.5	0.629	0.251	0.213	0.134	0.03	0.371	0.542	0.662	0.429	0.536	0.368	0.289	0.469	0.716	0.024	11	0.155	0.222
2023	5061	Jaylin Williams	NA	PF	20	1	NBA	OKC	49	914	4	9.2	0.436	16.2	0.517	0.192	0.15	0.107	0.068	0.483	0.463	0.667	0.2	0.32	0.688	0.407	0.839	0.957	0.047	8	0.159	0.556
2023	4518	Jayson Tatum	NA	PF	24	6	NBA	BOS	74	2732	9.6	20.5	0.466	14.8	0.56	0.235	0.208	0.058	0.06	0.44	0.558	0.738	0.457	0.389	0.366	0.35	0.515	0.646	0.065	91	0.08	0.455
2023	3761	Jeff Green	NA	PF	36	15	NBA	DEN	56	1091	5.3	10.8	0.488	11.6	0.683	0.311	0.271	0.067	0.034	0.317	0.58	0.775	0.427	0.409	0.364	0.288	0.808	0.9	0.152	45	0.365	0.421
2023	4257	Jerami Grant	NA	PF	28	9	NBA	POR	63	2246	7	14.6	0.475	14.2	0.607	0.267	0.149	0.085	0.105	0.393	0.523	0.676	0.426	0.397	0.375	0.401	0.579	0.972	0.084	71	0.365	0.389
2023	4959	Jeremiah Robinson-Earl	NA	PF	22	2	NBA	OKC	43	814	4.9	11	0.444	12.9	0.552	0.395	0.101	0.02	0.036	0.448	0.533	0.612	0.32	0.6	0.222	0.333	0.795	1	0.085	18	0.351	0.333
2023	5064	Jeremy Sochan	NA	PF	19	1	NBA	SAS	56	1458	6.2	13.6	0.453	10.4	0.757	0.341	0.279	0.085	0.053	0.243	0.519	0.665	0.39	0.447	0.379	0.246	0.59	1	0.127	60	0.254	0.147
2023	4960	Jericho Sims	NA	C	24	2	NBA	NYK	52	812	3.7	4.7	0.776	2.5	0.991	0.832	0.103	0.056	0	0.009	0.783	0.831	0.545	0.5	NA	0	0.711	NA	0.626	61	0	NA
2023	4638	Jevon Carter	NA	PG	27	5	NBA	MIL	81	1810	4.8	11.2	0.423	19.9	0.404	0.092	0.067	0.09	0.154	0.596	0.425	0.538	0.237	0.431	0.437	0.421	0.34	0.789	0.004	1	0.231	0.436
2023	4023	Jimmy Butler	NA	SF	33	12	NBA	MIA	64	2138	8.1	15	0.539	8.4	0.884	0.322	0.348	0.158	0.056	0.116	0.564	0.706	0.489	0.5	0.4	0.35	0.377	0.694	0.069	55	0.534	0.345
2023	4961	Jock Landale	NA	C	27	2	NBA	PHO	69	979	6.5	12.4	0.528	9.8	0.751	0.377	0.297	0.053	0.024	0.249	0.621	0.74	0.53	0.333	0.5	0.25	0.771	1	0.139	42	0.036	0.333
2023	4260	Joe Harris	NA	SG	31	9	NBA	BRK	74	1527	4.7	10.4	0.457	20.5	0.243	0.127	0.064	0.011	0.041	0.757	0.551	0.714	0.357	0	0.5	0.426	0.797	1	0	0	0.273	0.462
2023	4261	Joe Ingles	NA	SF	35	9	NBA	MIL	46	1044	3.7	8.6	0.435	22.2	0.181	0.081	0.073	0.008	0.02	0.819	0.556	0.65	0.5	0.5	0.4	0.409	0.32	0.711	0	0	0.261	0.453
2023	4417	Joel Embiid	NA	C	28	7	NBA	PHI	66	2284	11.5	20.9	0.548	11.3	0.849	0.273	0.196	0.245	0.135	0.151	0.587	0.81	0.435	0.509	0.497	0.33	0.6	0.894	0.066	75	0.04	0.25
2023	4519	John Collins	NA	PF	25	6	NBA	ATL	71	2130	6.1	11.9	0.508	12.2	0.661	0.297	0.209	0.109	0.045	0.339	0.619	0.8	0.459	0.481	0.5	0.292	0.792	0.957	0.115	74	0.408	0.296
2023	4734	John Konchar	NA	SG	26	4	NBA	MEM	72	1494	3.3	7.7	0.431	15.3	0.447	0.294	0.109	0.028	0.016	0.553	0.545	0.702	0.229	0.333	0.2	0.339	0.769	0.95	0.028	7	0.525	0.355
2023	4100	Jonas Valančiūnas	NA	C	30	11	NBA	NOP	79	1968	8.2	14.9	0.547	8.2	0.866	0.364	0.33	0.134	0.039	0.134	0.577	0.727	0.498	0.44	0.313	0.349	0.578	1	0.086	67	0.046	0.2
2023	4965	Jonathan Kuminga	NA	PF	20	2	NBA	GSW	67	1394	6.7	12.8	0.525	10.7	0.706	0.332	0.28	0.058	0.036	0.294	0.59	0.673	0.54	0.483	0.389	0.37	0.643	0.944	0.189	90	0.425	0.419
2023	4265	Jordan Clarkson	NA	SG	30	9	NBA	UTA	61	1988	8.3	18.7	0.444	15.7	0.555	0.109	0.301	0.13	0.016	0.445	0.53	0.688	0.51	0.47	0.313	0.338	0.215	0.748	0.016	12	0.12	0.4
2023	4966	Jordan Goodwin	NA	PG	24	2	NBA	WAS	62	1106	5.1	11.5	0.448	14	0.666	0.187	0.255	0.127	0.096	0.334	0.511	0.712	0.444	0.444	0.382	0.322	0.242	0.868	0.025	5	0.212	0.52
2023	4736	Jordan McLaughlin	NA	PG	26	4	NBA	MIN	43	678	3.2	7.7	0.421	16.7	0.462	0.166	0.241	0.034	0.021	0.538	0.552	0.708	0.457	0.4	0.667	0.308	0.73	0.833	0	0	0.295	0.391
2023	4849	Jordan Nwora	NA	SF	24	3	NBA	TOT	62	1188	5.9	13.5	0.436	15.5	0.526	0.231	0.153	0.074	0.067	0.474	0.462	0.573	0.441	0.364	0.233	0.408	0.565	0.93	0.04	15	0.284	0.4
2023	4737	Jordan Poole	NA	PG	23	4	NBA	GSW	82	2458	8.1	18.7	0.43	17.3	0.502	0.134	0.21	0.081	0.077	0.498	0.524	0.696	0.517	0.379	0.398	0.336	0.446	0.701	0.024	27	0.118	0.333
2023	4968	Jose Alvarado	NA	PG	24	2	NBA	NOP	61	1310	5.5	13.4	0.411	15.6	0.495	0.186	0.243	0.051	0.014	0.505	0.488	0.67	0.395	0.36	0.143	0.336	0.381	0.94	0	0	0.287	0.38
2023	4969	Josh Christopher	NA	SG	21	2	NBA	HOU	64	786	7	15.1	0.465	11.9	0.729	0.222	0.289	0.188	0.03	0.271	0.55	0.685	0.537	0.452	0.3	0.236	0.348	0.762	0.082	24	0.191	0.235
2023	4970	Josh Giddey	NA	SG	20	2	NBA	OKC	76	2367	8.2	17	0.482	9.6	0.791	0.301	0.381	0.089	0.021	0.209	0.524	0.646	0.455	0.455	0.304	0.325	0.363	0.934	0.011	12	0.128	0.4
2023	4850	Josh Green	NA	SG	22	3	NBA	DAL	60	1539	4.8	8.9	0.537	13.1	0.558	0.285	0.199	0.06	0.013	0.442	0.643	0.78	0.513	0.435	0.6	0.402	0.664	1	0.068	25	0.698	0.39
2023	4525	Josh Hart	NA	SF-SG	27	6	NBA	TOT	76	2454	4	7.6	0.529	10.6	0.685	0.444	0.15	0.065	0.025	0.315	0.601	0.736	0.41	0.265	0.231	0.372	0.444	1	0.019	10	0.415	0.412
2023	4525	Josh Hart	NA	SF	27	6	NBA	POR	51	1704	3.9	7.7	0.504	10.6	0.691	0.455	0.132	0.072	0.033	0.309	0.594	0.715	0.438	0.269	0.25	0.304	0.47	1	0.019	7	0.438	0.327
2023	4644	Josh Okogie	NA	SG	24	5	NBA	PHO	72	1350	4.3	11	0.391	14.4	0.524	0.28	0.155	0.051	0.039	0.476	0.442	0.56	0.297	0.286	0.375	0.335	0.448	0.939	0.087	25	0.462	0.319
2023	4336	Josh Richardson	NA	SG	29	8	NBA	TOT	65	1530	5.6	13	0.431	18.8	0.471	0.09	0.108	0.164	0.108	0.529	0.506	0.66	0.467	0.429	0.533	0.365	0.432	0.916	0.011	5	0.16	0.447
2023	4336	Josh Richardson	NA	SG	29	8	NBA	SAS	42	997	6.4	14.7	0.436	18.7	0.49	0.089	0.101	0.187	0.113	0.51	0.518	0.639	0.585	0.395	0.565	0.357	0.417	0.878	0.012	5	0.13	0.481
2023	3891	Jrue Holiday	NA	PG	32	14	NBA	MIL	67	2183	8.1	16.9	0.479	15.3	0.598	0.194	0.216	0.096	0.093	0.402	0.542	0.727	0.452	0.459	0.453	0.384	0.247	0.43	0.007	6	0.117	0.458
2023	4972	JT Thor	NA	PF	20	2	NBA	CHO	69	969	3.5	8.8	0.399	15.8	0.483	0.193	0.164	0.088	0.038	0.517	0.487	0.565	0.487	0.381	0.333	0.317	0.679	0.974	0.05	11	0.553	0.382
2023	4739	Juan Toscano-Anderson	NA	SF	29	4	NBA	TOT	52	700	3.3	7.4	0.448	11.2	0.699	0.294	0.308	0.063	0.035	0.301	0.56	0.667	0.5	0.333	0.6	0.186	0.661	1	0.035	4	0.465	0.2
2023	4419	Juancho Hernangómez	NA	PF	27	7	NBA	TOR	42	614	2.8	6.7	0.421	16.1	0.412	0.289	0.105	0	0.018	0.588	0.66	0.727	0.583	NA	0	0.254	0.677	1	0.018	2	0.418	0.321
2023	4266	Julius Randle	NA	PF	28	9	NBA	NYK	77	2737	8.7	18.8	0.459	15.3	0.556	0.22	0.149	0.123	0.064	0.444	0.553	0.679	0.519	0.443	0.407	0.343	0.382	0.752	0.051	62	0.142	0.333
2023	4102	Justin Holiday	NA	SG	33	10	NBA	TOT	46	706	3.9	10.4	0.377	19.8	0.299	0.147	0.02	0.034	0.098	0.701	0.508	0.7	0.5	0.143	0.35	0.322	0.871	0.913	0.039	8	0.538	0.325
2023	4267	Jusuf Nurkić	NA	C	28	9	NBA	POR	52	1391	6.8	13.1	0.519	8.6	0.764	0.451	0.279	0.018	0.016	0.236	0.567	0.645	0.447	0.556	0.5	0.361	0.594	1	0.044	21	0.126	0.333
2023	4974	Kai Jones	NA	C	22	2	NBA	CHO	46	550	4.4	7.9	0.558	7.2	0.842	0.508	0.242	0.058	0.033	0.158	0.624	0.836	0.31	0.429	0	0.211	0.619	1	0.408	44	0.421	0.25
2023	4032	Kawhi Leonard	NA	SF	31	11	NBA	LAC	52	1748	9.2	17.9	0.512	14.9	0.713	0.141	0.178	0.225	0.169	0.287	0.551	0.724	0.523	0.531	0.463	0.416	0.333	0.644	0.049	42	0.192	0.521
2023	5072	Keegan Murray	NA	SF	22	1	NBA	SAC	80	2382	5.4	11.8	0.453	18.1	0.359	0.18	0.107	0.042	0.029	0.641	0.527	0.674	0.357	0.455	0.348	0.411	0.709	0.976	0.058	39	0.285	0.434
2023	4646	Keita Bates-Diop	NA	SF	27	5	NBA	SAS	67	1452	5.9	11.5	0.508	10.4	0.695	0.34	0.303	0.047	0.004	0.305	0.557	0.696	0.44	0.364	0	0.394	0.65	0.982	0.039	15	0.43	0.377
2023	4745	Keldon Johnson	NA	SF	23	4	NBA	SAS	63	2063	8.8	19.4	0.452	12.7	0.634	0.27	0.27	0.08	0.014	0.366	0.523	0.657	0.455	0.337	0.313	0.329	0.509	0.903	0.022	22	0.226	0.348
2023	4177	Kelly Olynyk	NA	C	31	10	NBA	UTA	68	1942	5.2	10.3	0.499	14.5	0.576	0.223	0.268	0.048	0.038	0.424	0.576	0.702	0.544	0.296	0.429	0.394	0.643	0.968	0.025	13	0.203	0.438
2023	4341	Kelly Oubre Jr.	NA	SF	27	8	NBA	CHO	48	1548	8.2	19	0.431	13.8	0.586	0.252	0.206	0.093	0.035	0.414	0.51	0.66	0.361	0.447	0.483	0.319	0.539	0.917	0.067	47	0.295	0.41
2023	4746	Kendrick Nunn	NA	SG-PG	27	3	NBA	TOT	70	964	7.1	16.8	0.424	17	0.504	0.127	0.18	0.127	0.071	0.496	0.493	0.667	0.395	0.474	0.469	0.354	0.366	0.696	0.022	8	0.229	0.333
2023	4647	Kenrich Williams	NA	PF	28	5	NBA	OKC	53	1206	5.3	10.3	0.517	13.4	0.613	0.318	0.142	0.09	0.064	0.387	0.608	0.718	0.51	0.452	0.5	0.373	0.659	1	0.066	21	0.343	0.413
2023	4178	Kentavious Caldwell-Pope	NA	SG	29	10	NBA	DEN	76	2381	4.4	9.6	0.462	17.5	0.495	0.139	0.117	0.081	0.158	0.505	0.502	0.693	0.405	0.431	0.44	0.423	0.847	0.926	0.025	13	0.417	0.398
2023	4854	Kenyon Martin Jr.	NA	SF	22	3	NBA	HOU	82	2292	6.4	11.3	0.569	9.7	0.7	0.417	0.281	0.003	0	0.3	0.679	0.807	0.49	0.5	NA	0.315	0.772	1	0.275	173	0.236	0.353
2023	3770	Kevin Durant	NA	PF-SF	34	15	NBA	TOT	47	1672	10.4	18.6	0.56	15.1	0.733	0.11	0.162	0.292	0.168	0.267	0.617	0.821	0.607	0.591	0.538	0.404	0.464	0.656	0.044	37	0.078	0.556
2023	4648	Kevin Huerter	NA	SG	24	5	NBA	SAC	75	2203	6.9	14.2	0.485	18.2	0.411	0.137	0.143	0.089	0.042	0.589	0.604	0.782	0.605	0.403	0.444	0.402	0.665	0.893	0.016	13	0.155	0.405
2023	4649	Kevin Knox	NA	PF-SF	23	5	NBA	TOT	63	952	5.7	12.6	0.458	16.6	0.44	0.235	0.102	0.066	0.036	0.56	0.596	0.692	0.5	0.5	0.417	0.349	0.644	1	0.06	18	0.344	0.313
2023	4649	Kevin Knox	NA	PF	23	5	NBA	DET	42	593	5.1	10.9	0.469	18	0.352	0.162	0.128	0.039	0.022	0.648	0.651	0.793	0.565	0.429	0.5	0.371	0.707	1	0.045	8	0.414	0.333
2023	3830	Kevin Love	NA	PF	34	15	NBA	TOT	62	1240	4.8	12.3	0.389	20.2	0.302	0.106	0.104	0.052	0.04	0.698	0.516	0.622	0.5	0.364	0.471	0.334	0.576	0.939	0.012	2	0.149	0.341
2023	3830	Kevin Love	NA	PF	34	15	NBA	CLE	41	821	4.9	12.5	0.389	20.2	0.316	0.119	0.084	0.06	0.053	0.684	0.467	0.588	0.5	0.235	0.4	0.354	0.548	0.928	0.018	2	0.144	0.429
2023	4748	Kevin Porter Jr.	NA	PG	22	4	NBA	HOU	59	2024	7	15.7	0.442	15.7	0.564	0.153	0.221	0.115	0.076	0.436	0.501	0.711	0.385	0.461	0.478	0.366	0.18	0.525	0.054	41	0.117	0.489
2023	4342	Kevon Looney	NA	C	26	8	NBA	GSW	82	1958	4.4	7.1	0.63	3.5	0.997	0.557	0.365	0.044	0.031	0.003	0.632	0.734	0.521	0.412	0.417	0	0.669	NA	0.177	68	0	NA
2023	4855	Killian Hayes	NA	PG	21	3	NBA	DET	76	2154	5.1	13.6	0.377	15.7	0.649	0.086	0.216	0.236	0.112	0.351	0.429	0.586	0.403	0.401	0.418	0.28	0.141	0.763	0.017	13	0.259	0.243
2023	4036	Klay Thompson	NA	SG	32	10	NBA	GSW	69	2279	8.6	19.8	0.436	19.6	0.416	0.058	0.123	0.114	0.121	0.584	0.47	0.694	0.513	0.378	0.408	0.412	0.727	0.89	0.011	11	0.17	0.403
2023	4343	Kristaps Porziņģis	NA	C	27	7	NBA	WAS	65	2120	8.6	17.3	0.498	15.1	0.65	0.166	0.228	0.162	0.094	0.35	0.559	0.74	0.534	0.491	0.417	0.385	0.622	0.949	0.095	83	0.053	0.526
2023	4271	Kyle Anderson	NA	PF	29	9	NBA	MIN	69	1957	4.6	9.1	0.509	9.9	0.788	0.246	0.426	0.087	0.028	0.212	0.536	0.648	0.512	0.465	0.143	0.41	0.512	0.93	0.02	10	0.448	0.468
2023	4534	Kyle Kuzma	NA	PF	27	6	NBA	WAS	64	2239	8.2	18.4	0.448	15.2	0.579	0.186	0.263	0.082	0.048	0.421	0.533	0.722	0.487	0.383	0.309	0.333	0.466	0.781	0.036	38	0.243	0.41
2023	3685	Kyle Lowry	NA	PG	36	17	NBA	MIA	55	1718	4.1	10.2	0.404	19.4	0.361	0.14	0.093	0.082	0.045	0.639	0.509	0.588	0.444	0.475	0.455	0.345	0.292	0.757	0	0	0.177	0.455
2023	4037	Kyrie Irving	NA	PG	30	12	NBA	TOT	60	2241	9.5	19.3	0.494	15.8	0.588	0.16	0.182	0.155	0.091	0.412	0.574	0.724	0.507	0.538	0.509	0.379	0.291	0.511	0.002	1	0.107	0.34
2023	4858	Lamar Stevens	NA	PF	25	3	NBA	CLE	62	1120	4.1	9.3	0.448	11.7	0.67	0.34	0.16	0.139	0.031	0.33	0.513	0.653	0.326	0.45	0.222	0.316	0.788	1	0.108	25	0.642	0.262
2023	4345	Larry Nance Jr.	NA	PF	30	8	NBA	NOP	65	1381	4.8	8	0.61	6.9	0.862	0.482	0.292	0.059	0.03	0.138	0.654	0.769	0.551	0.389	0.333	0.333	0.762	1	0.223	66	0.571	0.417
2023	4535	Lauri Markkanen	NA	SF	25	6	NBA	UTA	66	2273	9	18.1	0.499	14.6	0.554	0.213	0.251	0.053	0.037	0.446	0.585	0.717	0.505	0.525	0.452	0.391	0.65	0.935	0.112	111	0.184	0.489
2023	3463	LeBron James	NA	PF	38	20	NBA	LAL	55	1954	11.2	22.5	0.5	12.8	0.691	0.302	0.197	0.084	0.107	0.309	0.58	0.788	0.463	0.34	0.397	0.321	0.395	0.628	0.062	74	0.08	0.267
2023	4981	Lindy Waters III	NA	SG	25	2	NBA	OKC	41	531	4.7	12.1	0.393	23.8	0.09	0.062	0.011	0.011	0.006	0.91	0.75	0.727	0.5	1	1	0.358	0.583	0.931	0	0	0.185	0.5
2023	4653	Lonnie Walker IV	NA	SG	24	5	NBA	LAL	56	1297	6.6	14.6	0.448	15.7	0.528	0.195	0.188	0.055	0.089	0.472	0.522	0.699	0.404	0.345	0.489	0.365	0.572	0.923	0.055	24	0.273	0.412
2023	4754	Luguentz Dort	NA	SG	23	4	NBA	OKC	74	2272	5.4	13.8	0.388	14.2	0.532	0.301	0.174	0.032	0.024	0.468	0.44	0.521	0.309	0.357	0.476	0.33	0.51	0.889	0.04	29	0.232	0.411
2023	4654	Luka Dončić	NA	PG	23	5	NBA	DAL	66	2391	10.8	21.8	0.496	14.7	0.627	0.176	0.252	0.145	0.054	0.373	0.588	0.745	0.578	0.51	0.333	0.342	0.131	0.216	0.01	12	0.041	0.273
2023	4538	Luke Kennard	NA	SG	26	6	NBA	TOT	59	1315	5.1	10.5	0.492	20.9	0.296	0.058	0.084	0.089	0.065	0.704	0.487	0.545	0.5	0.441	0.48	0.494	0.6	0.94	0	0	0.201	0.481
2023	4539	Luke Kornet	NA	C	27	6	NBA	BOS	69	804	5.1	7.6	0.665	4.6	0.924	0.671	0.212	0.041	0	0.076	0.701	0.754	0.611	0.286	NA	0.231	0.764	1	0.376	60	0.538	0.286
2023	4860	Malachi Flynn	NA	PG	24	3	NBA	TOR	53	691	4.5	12.6	0.36	18.3	0.45	0.12	0.145	0.083	0.103	0.55	0.367	0.517	0.286	0.5	0.2	0.353	0.375	0.872	0	0	0.158	0.476
2023	5079	Malaki Branham	NA	SF	19	1	NBA	SAS	66	1550	6.2	14.2	0.44	15.5	0.583	0.149	0.203	0.146	0.085	0.417	0.539	0.637	0.524	0.517	0.442	0.302	0.495	0.922	0.02	9	0.208	0.358
2023	4424	Malcolm Brogdon	NA	PG	30	7	NBA	BOS	67	1744	7.3	15.1	0.484	14.6	0.594	0.195	0.24	0.083	0.075	0.406	0.51	0.622	0.432	0.475	0.509	0.444	0.342	0.659	0.007	5	0.158	0.447
2023	4426	Malik Beasley	NA	SG	26	7	NBA	TOT	81	2093	6.4	16.1	0.395	21	0.298	0.036	0.131	0.073	0.058	0.702	0.484	0.706	0.528	0.353	0.407	0.357	0.511	0.855	0.006	4	0.167	0.373
2023	4426	Malik Beasley	NA	SG	26	7	NBA	UTA	55	1472	6.5	16.4	0.396	21.1	0.296	0.028	0.135	0.07	0.063	0.704	0.485	0.632	0.511	0.404	0.452	0.359	0.5	0.817	0.006	2	0.185	0.356
2023	4541	Malik Monk	NA	SG	24	6	NBA	SAC	77	1719	7.5	16.7	0.448	15.8	0.5	0.217	0.185	0.064	0.034	0.5	0.538	0.699	0.422	0.333	0.519	0.359	0.528	0.832	0.05	34	0.171	0.441
2023	4042	Marcus Morris	NA	PF	33	12	NBA	LAC	65	1825	5.4	12.7	0.426	18.2	0.521	0.07	0.118	0.199	0.134	0.479	0.484	0.711	0.5	0.414	0.453	0.364	0.414	0.955	0.008	5	0.231	0.31
2023	4275	Marcus Smart	NA	PG	28	9	NBA	BOS	61	1957	4.6	11.1	0.415	17.5	0.432	0.143	0.204	0.058	0.027	0.568	0.519	0.733	0.431	0.429	0.25	0.336	0.274	0.852	0.008	4	0.196	0.343
2023	5080	MarJon Beauchamp	NA	SF	22	1	NBA	MIL	52	701	4.9	12.5	0.395	17.5	0.416	0.21	0.095	0.041	0.07	0.584	0.485	0.667	0.261	0.5	0.235	0.331	0.551	0.872	0.058	13	0.387	0.345
2023	5081	Mark Williams	NA	C	21	1	NBA	CHO	43	828	7	10.9	0.637	3.1	1	0.673	0.267	0.048	0.012	0	0.637	0.751	0.388	0.417	0.667	NA	0.681	NA	0.303	71	NA	NA
2023	4544	Markelle Fultz	NA	PG	24	6	NBA	ORL	60	1778	7.1	13.7	0.514	9.8	0.872	0.299	0.28	0.178	0.115	0.128	0.544	0.685	0.5	0.438	0.449	0.31	0.323	0.963	0.054	30	0.368	0.375
2023	4656	Marvin Bagley III	NA	C	23	5	NBA	DET	42	990	7.3	13.9	0.529	9	0.827	0.312	0.377	0.113	0.029	0.173	0.579	0.765	0.479	0.442	0.364	0.288	0.628	0.947	0.076	28	0.288	0.316
2023	4180	Mason Plumlee	NA	C	32	10	NBA	TOT	79	2054	5.8	8.5	0.68	2.7	1	0.707	0.25	0.033	0.01	0	0.68	0.766	0.463	0.5	0.6	NA	0.657	NA	0.26	115	NA	NA
2023	4180	Mason Plumlee	NA	C	32	10	NBA	CHO	56	1597	6	8.9	0.669	2.8	1	0.697	0.253	0.038	0.013	0	0.669	0.764	0.43	0.533	0.6	NA	0.623	NA	0.253	90	NA	NA
2023	4760	Matisse Thybulle	NA	SG	25	4	NBA	TOT	71	1200	3.3	7.6	0.435	15.8	0.415	0.265	0.138	0.012	0	0.585	0.533	0.642	0.343	0.333	NA	0.365	0.768	0.981	0.091	21	0.493	0.37
2023	4760	Matisse Thybulle	NA	SG	25	4	NBA	PHI	49	591	3	7.1	0.431	14.9	0.457	0.293	0.155	0.009	0	0.543	0.547	0.647	0.389	0	NA	0.333	0.759	1	0.095	9	0.508	0.313
2023	5082	Max Christie	NA	SG	19	1	NBA	LAL	41	512	3.1	7.5	0.415	18	0.415	0.113	0.132	0.085	0.085	0.585	0.409	0.417	0.429	0.333	0.444	0.419	0.556	0.962	0.038	3	0.435	0.37
2023	4763	Max Strus	NA	SF	26	4	NBA	MIA	80	2272	5.1	12.5	0.41	19.5	0.287	0.138	0.115	0.023	0.011	0.713	0.559	0.679	0.484	0.444	0.111	0.35	0.709	0.949	0.025	17	0.274	0.461
2023	4766	Michael Porter Jr.	NA	SF	24	4	NBA	DEN	62	1798	8	16.4	0.487	18	0.444	0.168	0.103	0.062	0.111	0.556	0.579	0.803	0.429	0.431	0.462	0.414	0.767	0.926	0.053	40	0.187	0.518
2023	4658	Mikal Bridges	NA	SF	26	5	NBA	TOT	83	2963	7.2	15.4	0.468	14.5	0.651	0.17	0.176	0.227	0.078	0.349	0.514	0.693	0.466	0.469	0.364	0.382	0.538	0.923	0.028	31	0.434	0.448
2023	4658	Mikal Bridges	NA	SF	26	5	NBA	PHO	56	2040	6.2	13.5	0.463	14.1	0.658	0.185	0.177	0.224	0.073	0.342	0.503	0.709	0.422	0.468	0.286	0.387	0.605	0.98	0.035	24	0.46	0.475
2023	3779	Mike Conley	NA	PG	35	16	NBA	TOT	67	2029	4.6	10.8	0.428	18.3	0.425	0.084	0.202	0.108	0.031	0.575	0.486	0.608	0.431	0.5	0.474	0.385	0.381	0.696	0	0	0.157	0.545
2023	3779	Mike Conley	NA	PG	35	16	NBA	UTA	43	1276	4.3	10.6	0.408	18.3	0.432	0.085	0.213	0.099	0.035	0.568	0.469	0.531	0.475	0.459	0.308	0.362	0.368	0.636	0	0	0.136	0.586
2023	4183	Mike Muscala	NA	C	31	10	NBA	TOT	63	945	5	11.1	0.449	20.6	0.291	0.096	0.072	0.082	0.041	0.709	0.588	0.643	0.667	0.5	0.5	0.391	0.86	0.988	0.021	5	0.242	0.4
2023	4183	Mike Muscala	NA	C	31	10	NBA	OKC	43	622	5.2	11.7	0.438	20.7	0.3	0.103	0.049	0.094	0.054	0.7	0.541	0.667	0.4	0.526	0.455	0.394	0.879	0.982	0.02	3	0.183	0.385
2023	4991	Miles McBride	NA	PG	22	2	NBA	NYK	64	760	3.6	10.2	0.358	18.6	0.377	0.153	0.079	0.079	0.065	0.623	0.457	0.636	0.294	0.353	0.357	0.299	0.541	0.875	0.028	4	0.373	0.4
2023	4661	Mitchell Robinson	NA	C	24	5	NBA	NYK	59	1591	4.3	6.3	0.671	1.2	1	0.918	0.075	0.004	0.004	0	0.671	0.7	0.333	1	0	NA	0.574	NA	0.521	130	NA	NA
2023	4662	Mo Bamba	NA	C	24	5	NBA	TOT	49	769	5.5	11.3	0.485	15.1	0.485	0.32	0.104	0.033	0.029	0.515	0.59	0.74	0.24	0.5	0.286	0.387	0.754	1	0.178	36	0.113	0.357
2023	4551	Monte Morris	NA	PG	27	6	NBA	WAS	62	1695	5.2	10.9	0.48	16.2	0.604	0.118	0.21	0.142	0.134	0.396	0.543	0.754	0.509	0.493	0.464	0.382	0.29	0.769	0	0	0.245	0.4
2023	4349	Montrezl Harrell	NA	C	29	8	NBA	PHI	57	681	6.6	11	0.598	4	0.971	0.627	0.297	0.043	0.005	0.029	0.616	0.71	0.5	0.111	0	0	0.656	NA	0.263	48	0.167	0
2023	4663	Moritz Wagner	NA	C	25	5	NBA	ORL	57	1109	6.4	12.9	0.5	12.2	0.588	0.379	0.189	0.008	0.013	0.412	0.631	0.733	0.453	0.333	0.4	0.313	0.782	0.98	0.134	42	0.178	0.31
2023	4992	Moses Moody	NA	SG	20	2	NBA	GSW	63	817	4.8	10	0.476	17.1	0.405	0.225	0.132	0.031	0.018	0.595	0.641	0.725	0.5	0.429	1	0.363	0.695	0.98	0.101	19	0.348	0.34
2023	4350	Myles Turner	NA	C	26	8	NBA	IND	62	1825	7.9	14.5	0.548	12.3	0.66	0.307	0.254	0.071	0.029	0.34	0.638	0.773	0.522	0.615	0.286	0.373	0.773	0.968	0.095	67	0.096	0.458
2023	4865	Naji Marshall	NA	SF	25	3	NBA	NOP	77	1792	5	11.5	0.433	13.3	0.618	0.229	0.294	0.082	0.012	0.382	0.513	0.664	0.393	0.532	0.429	0.303	0.53	0.985	0.026	14	0.39	0.318
2023	4770	Nassir Little	NA	SF	22	4	NBA	POR	54	976	4.9	11.2	0.442	17.1	0.479	0.191	0.135	0.059	0.092	0.521	0.524	0.707	0.341	0.389	0.5	0.367	0.592	0.948	0.053	13	0.139	0.364
2023	4771	Naz Reid	NA	C	23	4	NBA	MIN	68	1251	8.9	16.6	0.537	11.8	0.624	0.341	0.256	0.023	0.003	0.376	0.653	0.812	0.466	0.385	0.5	0.346	0.655	1	0.066	33	0.175	0.263
2023	4772	Nic Claxton	NA	C	23	4	NBA	BRK	76	2271	6.6	9.3	0.705	2.7	0.997	0.671	0.303	0.022	0	0.003	0.708	0.805	0.511	0.462	NA	0	0.763	NA	0.346	191	1	0
2023	4869	Nick Richards	NA	C	25	3	NBA	CHO	65	1217	5.8	9.3	0.629	2.6	0.997	0.741	0.227	0.019	0.01	0.003	0.628	0.741	0.282	0.5	0.333	1	0.638	1	0.3	82	0	NA
2023	4773	Nickeil Alexander-Walker	NA	SG	24	4	NBA	TOT	59	884	5.3	12	0.444	16.9	0.461	0.139	0.207	0.044	0.071	0.539	0.515	0.634	0.443	0.385	0.571	0.384	0.329	0.803	0.01	2	0.277	0.386
2023	3841	Nicolas Batum	NA	PF	34	15	NBA	LAC	78	1709	3.4	8	0.42	21.6	0.168	0.094	0.039	0.016	0.018	0.832	0.563	0.694	0.533	0.333	0.143	0.391	0.611	0.992	0.024	8	0.391	0.435
2023	4352	Nikola Jokić	NA	C	27	8	NBA	DEN	69	2323	10	15.8	0.632	8.6	0.854	0.307	0.417	0.092	0.038	0.146	0.675	0.783	0.641	0.5	0.59	0.383	0.606	0.842	0.022	21	0.027	0.25
2023	4047	Nikola Vučević	NA	C	32	12	NBA	CHI	82	2746	7.8	15.1	0.52	12.8	0.698	0.235	0.258	0.126	0.078	0.302	0.594	0.704	0.601	0.462	0.456	0.349	0.735	1	0.039	37	0.124	0.465
2023	4353	Norman Powell	NA	SG	29	8	NBA	LAC	60	1567	7.8	16.3	0.479	14.1	0.596	0.241	0.207	0.087	0.061	0.404	0.534	0.684	0.456	0.419	0.372	0.397	0.527	0.877	0.025	16	0.317	0.484
2023	4871	Obi Toppin	NA	PF	24	3	NBA	NYK	67	1050	6.4	14.4	0.446	16	0.411	0.289	0.095	0.019	0.007	0.589	0.593	0.736	0.25	0.125	0.667	0.344	0.863	0.965	0.148	52	0.47	0.353
2023	5086	Ochai Agbaji	NA	SG	22	1	NBA	UTA	59	1209	4.9	11.5	0.427	16.9	0.409	0.15	0.21	0.026	0.023	0.591	0.532	0.621	0.494	0.4	0.444	0.355	0.762	0.988	0.054	17	0.412	0.457
2023	4555	OG Anunoby	NA	SF	25	6	NBA	TOR	67	2386	6.4	13.4	0.476	13.6	0.585	0.293	0.174	0.062	0.056	0.415	0.539	0.695	0.364	0.364	0.46	0.387	0.566	0.958	0.13	103	0.398	0.466
2023	4872	Onyeka Okongwu	NA	C	22	3	NBA	ATL	80	1849	6.2	9.7	0.638	4.6	0.974	0.61	0.239	0.05	0.074	0.026	0.647	0.762	0.445	0.56	0.405	0.308	0.712	1	0.209	96	0.769	0.4
2023	4777	Oshae Brissett	NA	SF	24	4	NBA	IND	65	1083	4.1	10.6	0.386	14.1	0.514	0.329	0.147	0.019	0.019	0.486	0.457	0.562	0.277	0.5	0	0.31	0.72	0.958	0.05	14	0.265	0.244
2023	3698	P.J. Tucker	NA	PF	37	12	NBA	PHI	75	1920	1.8	4.2	0.427	16.5	0.378	0.173	0.151	0.036	0.018	0.622	0.482	0.487	0.441	0.5	0.75	0.393	0.732	0.982	0	0	0.914	0.398
2023	4778	P.J. Washington	NA	PF	24	4	NBA	CHO	73	2380	6.6	14.8	0.444	14.8	0.562	0.198	0.242	0.06	0.061	0.438	0.518	0.691	0.451	0.424	0.317	0.348	0.74	0.919	0.05	45	0.22	0.351
2023	5089	Paolo Banchero	NA	PF	20	1	NBA	ORL	72	2430	7.1	16.6	0.427	12.4	0.746	0.242	0.253	0.124	0.127	0.254	0.471	0.658	0.38	0.41	0.352	0.298	0.404	0.706	0.054	52	0.123	0.343
2023	4437	Pascal Siakam	NA	C	28	7	NBA	TOR	71	2652	8.6	17.8	0.48	12.3	0.781	0.193	0.299	0.162	0.128	0.219	0.523	0.751	0.469	0.469	0.375	0.324	0.317	0.86	0.026	33	0.202	0.362
2023	4354	Pat Connaughton	NA	SG	30	8	NBA	MIL	61	1443	4.1	10.5	0.392	20.3	0.235	0.152	0.071	0.005	0.007	0.765	0.566	0.672	0.333	0.5	0.667	0.339	0.75	0.982	0.019	8	0.339	0.358
2023	4124	Patrick Beverley	NA	PG	34	11	NBA	TOT	67	1816	2.9	7.1	0.4	18.7	0.336	0.122	0.181	0.022	0.011	0.664	0.529	0.636	0.446	0.5	0.75	0.335	0.359	0.875	0.003	1	0.335	0.35
2023	4124	Patrick Beverley	NA	PG	34	11	NBA	LAL	45	1211	2.9	7.2	0.402	18.6	0.344	0.104	0.199	0.029	0.012	0.656	0.506	0.64	0.438	0.429	0.667	0.348	0.357	0.855	0.004	1	0.323	0.412
2023	4873	Patrick Williams	NA	PF	21	3	NBA	CHI	82	2323	4.9	10.5	0.464	14.6	0.591	0.258	0.112	0.12	0.1	0.409	0.498	0.64	0.316	0.432	0.412	0.415	0.633	0.983	0.118	59	0.39	0.463
2023	3969	Paul George	NA	SG	32	13	NBA	LAC	56	1939	8.5	18.6	0.457	16.7	0.576	0.145	0.14	0.132	0.157	0.424	0.521	0.699	0.553	0.421	0.411	0.371	0.322	0.614	0.042	36	0.134	0.491
2023	4874	Paul Reed	NA	C	23	3	NBA	PHI	69	755	5.9	10	0.593	4	0.971	0.665	0.22	0.057	0.029	0.029	0.606	0.712	0.37	0.333	0.5	0.167	0.691	1	0.153	27	0.167	0
2023	4875	Payton Pritchard	NA	PG	25	3	NBA	BOS	48	643	5.7	13.7	0.412	19.2	0.371	0.167	0.118	0.033	0.053	0.629	0.495	0.61	0.414	0.375	0.385	0.364	0.444	0.875	0.004	0	0.195	0.3
2023	4876	Precious Achiuwa	NA	C	23	3	NBA	TOR	55	1140	6.2	12.8	0.485	9.8	0.733	0.381	0.267	0.072	0.012	0.267	0.564	0.734	0.417	0.276	0.2	0.269	0.629	1	0.141	49	0.444	0.25
2023	5000	Quentin Grimes	NA	SG	22	2	NBA	NYK	71	2121	4.8	10.2	0.468	17.9	0.324	0.248	0.047	0.018	0.012	0.676	0.641	0.745	0.321	0.182	0.429	0.386	0.776	0.994	0.043	24	0.327	0.474
2023	4877	R.J. Hampton	NA	PG	21	3	NBA	TOT	47	750	4.9	11.4	0.43	16.1	0.511	0.156	0.224	0.093	0.038	0.489	0.504	0.676	0.453	0.455	0.222	0.353	0.41	0.854	0.034	8	0.259	0.467
2023	4358	Raul Neto	NA	PG	30	8	NBA	CLE	48	505	4.1	7.8	0.518	13.2	0.618	0.345	0.155	0.082	0.036	0.382	0.662	0.711	0.471	1	0.25	0.286	0.444	0.917	0	0	0.19	0.625
2023	4194	Reggie Bullock	NA	SF	31	10	NBA	DAL	78	2364	2.9	7.2	0.409	21.7	0.155	0.077	0.04	0.019	0.019	0.845	0.562	0.75	0.421	0.444	0.222	0.38	0.854	0.98	0.002	1	0.491	0.451
2023	4050	Reggie Jackson	NA	PG	32	12	NBA	TOT	68	1657	5.7	13.9	0.411	16.3	0.55	0.13	0.216	0.102	0.103	0.45	0.474	0.639	0.442	0.415	0.394	0.333	0.257	0.854	0.008	5	0.253	0.384
2023	4050	Reggie Jackson	NA	PG	32	12	NBA	LAC	52	1338	5.8	13.8	0.418	15.9	0.57	0.145	0.221	0.104	0.102	0.43	0.469	0.622	0.416	0.453	0.385	0.35	0.255	0.857	0.008	4	0.227	0.42
2023	4359	Richaun Holmes	NA	C	29	8	NBA	SAC	42	348	5.7	9.2	0.618	6.4	0.91	0.438	0.337	0.135	0	0.09	0.617	0.744	0.533	0.417	NA	0.625	0.78	1	0.191	14	0.125	1
2023	4782	RJ Barrett	NA	SG	22	4	NBA	NYK	73	2475	7.4	17.1	0.434	11.5	0.668	0.299	0.287	0.06	0.023	0.332	0.495	0.642	0.401	0.3	0.259	0.31	0.424	0.926	0.029	29	0.29	0.319
2023	4197	Robert Covington	NA	PF	32	10	NBA	LAC	48	779	4.7	10.6	0.445	16.8	0.406	0.205	0.157	0.031	0.013	0.594	0.516	0.702	0.361	0.143	0.333	0.397	0.75	0.981	0.035	7	0.147	0.45
2023	4783	Romeo Langford	NA	SG	23	4	NBA	SAS	43	844	5.2	11	0.467	10.1	0.764	0.29	0.351	0.093	0.031	0.236	0.53	0.68	0.429	0.458	0.5	0.262	0.543	1	0.054	13	0.541	0.333
2023	4560	Royce O'Neale	NA	SF	29	6	NBA	BRK	76	2409	3.4	8.9	0.386	19.6	0.293	0.155	0.118	0.015	0.005	0.707	0.379	0.489	0.271	0.222	0	0.389	0.394	0.975	0.01	5	0.15	0.349
2023	3713	Rudy Gay	NA	PF	36	17	NBA	UTA	56	816	4.8	12.7	0.38	17.3	0.547	0.105	0.171	0.157	0.115	0.453	0.484	0.667	0.429	0.422	0.485	0.254	0.526	1	0.045	11	0.338	0.318
2023	4199	Rudy Gobert	NA	C	30	10	NBA	MIN	70	2148	6	9.2	0.659	2.5	0.995	0.778	0.19	0.022	0.004	0.005	0.663	0.748	0.365	0.333	0	0	0.744	NA	0.388	200	0	NA
2023	4784	Rui Hachimura	NA	PF	24	4	NBA	TOT	63	1466	7	14.3	0.486	13.1	0.726	0.247	0.175	0.17	0.135	0.274	0.55	0.736	0.373	0.495	0.506	0.319	0.618	1	0.074	38	0.319	0.333
2023	3849	Russell Westbrook	NA	PG	34	15	NBA	TOT	73	2126	7.3	16.8	0.436	11.8	0.711	0.305	0.229	0.103	0.075	0.289	0.487	0.632	0.379	0.461	0.257	0.311	0.23	0.663	0.023	19	0.227	0.231
2023	3849	Russell Westbrook	NA	PG	34	15	NBA	LAL	52	1491	7.3	17.6	0.417	11.7	0.708	0.31	0.23	0.096	0.071	0.292	0.467	0.624	0.333	0.414	0.288	0.296	0.203	0.635	0.018	11	0.174	0.243
2023	4882	Saddiq Bey	NA	SF	23	3	NBA	TOT	77	2129	6	14.1	0.422	15.8	0.5	0.22	0.178	0.053	0.049	0.5	0.483	0.647	0.403	0.273	0.268	0.361	0.381	0.914	0.037	31	0.356	0.416
2023	4882	Saddiq Bey	NA	SF	23	3	NBA	DET	52	1500	5.9	14.5	0.404	15.9	0.517	0.203	0.201	0.061	0.051	0.483	0.46	0.626	0.402	0.243	0.29	0.345	0.333	0.921	0.026	16	0.29	0.424
2023	5003	Sam Hauser	NA	PF	25	2	NBA	BOS	80	1290	5	11.1	0.455	22.4	0.154	0.078	0.048	0.013	0.015	0.846	0.656	0.839	0.526	0.6	0.167	0.418	0.775	0.979	0.013	3	0.307	0.437
2023	5004	Sandro Mamukelashvili	NA	C	23	2	NBA	TOT	43	660	5.3	12.5	0.422	13.2	0.57	0.335	0.183	0.043	0.009	0.43	0.511	0.61	0.429	0.2	0	0.303	0.642	1	0.048	6	0.202	0.35
2023	5005	Santi Aldama	NA	PF	22	2	NBA	MEM	77	1682	5.3	11.2	0.47	14.6	0.493	0.28	0.166	0.03	0.017	0.507	0.591	0.707	0.471	0.25	0.444	0.353	0.68	0.968	0.118	54	0.391	0.365
2023	5006	Scottie Barnes	NA	PF	21	2	NBA	TOR	77	2678	6.2	13.7	0.456	10.8	0.78	0.277	0.321	0.099	0.083	0.22	0.505	0.687	0.448	0.297	0.369	0.281	0.493	0.841	0.087	83	0.339	0.316
2023	4203	Seth Curry	NA	SG	32	9	NBA	BRK	61	1211	6.2	13.3	0.463	19.8	0.483	0.058	0.067	0.114	0.245	0.517	0.525	0.615	0.467	0.588	0.491	0.405	0.526	0.809	0	0	0.254	0.424
2023	5097	Shaedon Sharpe	NA	SG	19	1	NBA	POR	80	1779	6.2	13.1	0.472	15	0.563	0.289	0.114	0.049	0.111	0.437	0.559	0.711	0.392	0.313	0.444	0.36	0.559	0.882	0.108	62	0.322	0.407
2023	4670	Shai Gilgeous-Alexander	NA	PG	24	5	NBA	OKC	68	2416	10.5	20.6	0.51	9.8	0.878	0.283	0.276	0.246	0.073	0.122	0.533	0.678	0.438	0.512	0.396	0.345	0.201	0.31	0.039	50	0.101	0.235
2023	4671	Shake Milton	NA	SG	26	5	NBA	PHI	76	1567	5.5	11.6	0.479	12	0.706	0.3	0.245	0.119	0.042	0.294	0.521	0.682	0.39	0.4	0.476	0.378	0.416	0.911	0.008	4	0.257	0.316
2023	5098	Simone Fontecchio	NA	SF	27	1	NBA	UTA	52	766	5.4	14.7	0.369	18.5	0.388	0.106	0.157	0.067	0.058	0.612	0.43	0.545	0.327	0.524	0.389	0.33	0.731	0.952	0.042	10	0.225	0.395
2023	4291	Spencer Dinwiddie	NA	PG	29	9	NBA	TOT	79	2725	6.1	13.9	0.438	15.7	0.533	0.186	0.206	0.092	0.05	0.467	0.498	0.646	0.417	0.423	0.423	0.369	0.118	0.602	0.021	17	0.182	0.506
2023	4291	Spencer Dinwiddie	NA	PG	29	9	NBA	DAL	53	1808	6.3	13.8	0.455	16	0.509	0.184	0.197	0.079	0.048	0.491	0.504	0.641	0.401	0.473	0.455	0.405	0.135	0.63	0.023	11	0.211	0.556
2023	3903	Stephen Curry	NA	PG	34	14	NBA	GSW	56	1941	10.4	21	0.493	18.8	0.436	0.107	0.191	0.063	0.076	0.564	0.579	0.76	0.551	0.493	0.465	0.427	0.371	0.593	0	0	0.097	0.597
2023	4208	Steven Adams	NA	C	29	10	NBA	MEM	42	1133	5	8.4	0.597	2.6	0.996	0.696	0.281	0.019	0	0.004	0.599	0.645	0.5	0.4	NA	0	0.503	NA	0.163	41	1	0
2023	4365	T.J. McConnell	NA	PG	30	8	NBA	IND	75	1526	6.7	12.3	0.543	8.6	0.887	0.322	0.361	0.169	0.035	0.113	0.556	0.649	0.516	0.477	0.5	0.441	0.237	0.692	0	0	0.288	0.588
2023	4292	T.J. Warren	NA	PF-SF	29	8	NBA	TOT	42	687	6.9	14.1	0.489	13	0.752	0.156	0.252	0.237	0.107	0.248	0.542	0.714	0.471	0.484	0.586	0.328	0.664	0.955	0.019	5	0.403	0.296
2023	3905	Taj Gibson	NA	C	37	14	NBA	WAS	49	480	4.9	9.4	0.52	10.3	0.808	0.288	0.28	0.144	0.096	0.192	0.564	0.806	0.429	0.5	0.333	0.333	0.667	1	0.064	8	0.458	0.455
2023	4789	Talen Horton-Tucker	NA	SG	22	4	NBA	UTA	65	1313	7	16.8	0.419	12.8	0.669	0.232	0.321	0.083	0.033	0.331	0.485	0.627	0.437	0.314	0.4	0.286	0.206	0.776	0.038	19	0.148	0.367
2023	5100	Tari Eason	NA	PF	21	1	NBA	HOU	82	1767	6	13.4	0.448	9.2	0.739	0.433	0.262	0.029	0.015	0.261	0.486	0.619	0.318	0.211	0.1	0.343	0.473	0.983	0.126	64	0.285	0.367
2023	4450	Taurean Prince	NA	SF	28	7	NBA	MIN	54	1192	5.3	11.4	0.467	15.7	0.488	0.216	0.172	0.047	0.053	0.512	0.557	0.671	0.462	0.667	0.3	0.381	0.748	0.946	0.013	4	0.418	0.432
2023	4791	Terance Mann	NA	SG	26	4	NBA	LAC	81	1872	5.2	10.1	0.519	12.5	0.622	0.33	0.191	0.061	0.04	0.378	0.598	0.769	0.4	0.375	0.476	0.389	0.554	0.883	0.107	47	0.495	0.337
2023	4792	Terence Davis	NA	SG	25	4	NBA	SAC	64	841	6.6	15.6	0.423	18.8	0.332	0.151	0.118	0.033	0.03	0.668	0.537	0.673	0.442	0.333	0.455	0.366	0.508	0.921	0.038	12	0.247	0.4
2023	4131	Terrence Ross	NA	SG	31	11	NBA	TOT	63	1330	5.4	12.6	0.43	19.7	0.445	0.037	0.08	0.178	0.151	0.555	0.507	0.706	0.514	0.398	0.586	0.368	0.629	0.937	0.019	6	0.264	0.441
2023	4131	Terrence Ross	NA	SG	31	11	NBA	ORL	42	944	4.9	11.4	0.431	19.2	0.465	0.043	0.107	0.174	0.14	0.535	0.489	0.692	0.5	0.385	0.548	0.381	0.588	0.918	0.023	5	0.231	0.459
2023	4366	Terry Rozier	NA	SG	28	8	NBA	CHO	63	2221	8	19.3	0.415	15.1	0.575	0.194	0.199	0.101	0.081	0.425	0.48	0.622	0.376	0.467	0.417	0.327	0.326	0.655	0.003	3	0.289	0.301
2023	3791	Thaddeus Young	NA	PF	34	16	NBA	TOR	54	795	4.9	9	0.545	7.9	0.828	0.364	0.409	0.04	0.015	0.172	0.622	0.806	0.494	0.25	0.667	0.176	0.549	1	0.051	10	0.706	0.208
2023	4886	Théo Maledon	NA	PG	21	3	NBA	CHO	44	854	4.3	10.7	0.402	14	0.626	0.217	0.256	0.134	0.02	0.374	0.465	0.582	0.354	0.471	0.6	0.295	0.324	0.821	0	0	0.074	0
2023	4568	Thomas Bryant	NA	C	25	6	NBA	TOT	59	1081	7.7	12.3	0.623	8.4	0.84	0.415	0.263	0.1	0.062	0.16	0.658	0.804	0.536	0.486	0.478	0.441	0.784	0.962	0.247	82	0.22	0.462
2023	4568	Thomas Bryant	NA	C	25	6	NBA	LAL	41	876	8.1	12.4	0.654	8.3	0.834	0.432	0.256	0.093	0.053	0.166	0.697	0.823	0.558	0.643	0.438	0.44	0.777	0.955	0.252	70	0.26	0.462
2023	4209	Tim Hardaway Jr.	NA	SG	30	10	NBA	DAL	71	2152	5.7	14.2	0.401	19.7	0.351	0.109	0.093	0.09	0.059	0.649	0.431	0.543	0.367	0.434	0.32	0.385	0.641	0.896	0.014	9	0.271	0.389
2023	4055	Tobias Harris	NA	PF	30	12	NBA	PHI	74	2436	6.3	12.5	0.501	13.2	0.617	0.26	0.22	0.102	0.034	0.383	0.57	0.709	0.473	0.453	0.483	0.389	0.495	0.937	0.07	51	0.389	0.405
2023	4570	Torrey Craig	NA	SF	32	6	NBA	PHO	79	1948	4.2	9.2	0.456	15	0.494	0.266	0.138	0.062	0.028	0.506	0.518	0.699	0.319	0.258	0.357	0.395	0.57	0.99	0.044	17	0.474	0.45
2023	4676	Trae Young	NA	PG	24	5	NBA	ATL	73	2541	8.5	19.7	0.429	15	0.669	0.159	0.245	0.15	0.116	0.331	0.476	0.552	0.426	0.529	0.41	0.335	0.174	0.325	0	0	0.05	0.304
2023	4887	Tre Jones	NA	PG	23	3	NBA	SAS	68	1984	6.2	13.5	0.459	10.7	0.787	0.276	0.262	0.21	0.039	0.213	0.506	0.673	0.385	0.442	0.483	0.285	0.26	0.867	0.004	1	0.323	0.255
2023	5012	Tre Mann	NA	PG	21	2	NBA	OKC	67	1183	6	15.2	0.393	17.2	0.487	0.126	0.204	0.108	0.05	0.513	0.475	0.667	0.373	0.407	0.56	0.315	0.267	0.605	0.012	4	0.121	0.452
2023	5014	Trendon Watford	NA	PF	22	2	NBA	POR	62	1182	5.5	9.8	0.56	8.9	0.802	0.35	0.359	0.08	0.012	0.198	0.602	0.681	0.56	0.462	0.5	0.391	0.641	1	0.019	5	0.125	0.25
2023	4369	Trey Lyles	NA	PF	27	8	NBA	SAC	74	1247	5.4	11.8	0.458	15.8	0.412	0.279	0.123	0.007	0.002	0.588	0.595	0.693	0.4	0.333	0	0.363	0.69	0.989	0.088	30	0.354	0.435
2023	5016	Trey Murphy III	NA	SF	22	2	NBA	NOP	79	2448	5.7	11.8	0.484	18	0.379	0.203	0.129	0.02	0.028	0.621	0.611	0.759	0.495	0.188	0.364	0.406	0.67	0.96	0.124	85	0.268	0.429
2023	4678	Troy Brown Jr.	NA	SF	23	5	NBA	LAL	76	1860	3.9	9	0.43	17.5	0.396	0.166	0.148	0.032	0.049	0.604	0.505	0.688	0.377	0.4	0.348	0.381	0.667	0.953	0.03	10	0.395	0.405
2023	4794	Ty Jerome	NA	SG	25	4	NBA	GSW	45	816	5.2	10.7	0.488	14.7	0.628	0.095	0.306	0.182	0.045	0.372	0.546	0.739	0.527	0.523	0.364	0.389	0.41	0.857	0	0	0.233	0.524
2023	4796	Tyler Herro	NA	SG	23	4	NBA	MIA	67	2337	7.5	17.1	0.439	17.4	0.516	0.094	0.19	0.155	0.077	0.484	0.497	0.702	0.483	0.459	0.353	0.378	0.391	0.704	0.012	13	0.171	0.446
2023	4892	Tyrese Haliburton	NA	PG	22	3	NBA	IND	56	1883	7.9	16.1	0.49	16.2	0.522	0.216	0.164	0.094	0.048	0.478	0.572	0.736	0.457	0.405	0.55	0.4	0.247	0.447	0.021	18	0.092	0.514
2023	4893	Tyrese Maxey	NA	SG	22	3	NBA	PHI	60	2016	7.8	16.3	0.481	14.7	0.596	0.225	0.208	0.103	0.06	0.404	0.513	0.624	0.447	0.468	0.4	0.434	0.444	0.725	0.014	13	0.206	0.513
2023	4370	Tyus Jones	NA	PG	26	8	NBA	MEM	80	1940	5.8	13.2	0.438	16.6	0.541	0.085	0.182	0.235	0.039	0.459	0.495	0.6	0.488	0.473	0.429	0.371	0.284	0.793	0	0	0.202	0.53
2023	5018	Usman Garuba	NA	PF	20	2	NBA	HOU	75	970	3.2	6.6	0.486	9.9	0.667	0.452	0.209	0.006	0	0.333	0.525	0.625	0.324	0	NA	0.407	0.613	1	0.062	11	0.492	0.414
2023	4217	Victor Oladipo	NA	SG	30	10	NBA	MIA	42	1106	5.2	13.1	0.397	17.2	0.474	0.149	0.159	0.109	0.057	0.526	0.471	0.533	0.5	0.318	0.522	0.33	0.289	0.614	0.012	4	0.198	0.19
2023	4799	Vlatko Čančar	NA	PF	25	4	NBA	DEN	60	889	4.4	9.2	0.476	15.3	0.493	0.233	0.22	0.035	0.004	0.507	0.58	0.717	0.48	0.25	1	0.374	0.662	0.977	0.026	4	0.33	0.421
2023	5106	Walker Kessler	NA	C	21	1	NBA	UTA	74	1703	6.3	8.8	0.72	2.7	0.993	0.671	0.304	0.002	0.014	0.007	0.723	0.813	0.54	1	0.333	0.333	0.67	1	0.343	130	0.333	0
2023	4682	Wendell Carter Jr.	NA	C	23	5	NBA	ORL	57	1690	6.9	13.1	0.525	13.3	0.633	0.282	0.179	0.101	0.07	0.367	0.624	0.85	0.473	0.452	0.349	0.356	0.649	0.988	0.145	84	0.218	0.449
2023	4800	Wenyen Gabriel	NA	PF	25	4	NBA	LAL	68	1024	5.4	9.1	0.596	6.1	0.862	0.523	0.312	0.019	0.008	0.138	0.647	0.713	0.568	0.2	0.5	0.278	0.676	0.9	0.092	21	0.528	0.263
2023	3914	Wesley Matthews	NA	SG	36	14	NBA	MIL	52	820	2.5	7	0.363	21	0.225	0.106	0.056	0.05	0.013	0.775	0.528	0.706	0.333	0.5	0	0.315	0.842	0.974	0	0	0.339	0.238
2023	4140	Will Barton	NA	SG	32	11	NBA	TOT	56	993	5	13.2	0.379	17.8	0.505	0.118	0.198	0.093	0.096	0.495	0.391	0.581	0.306	0.324	0.4	0.367	0.458	0.742	0.022	7	0.183	0.515
2023	4897	Xavier Tillman Sr.	NA	PF	24	3	NBA	MEM	61	1180	5.7	9.3	0.614	5.5	0.951	0.516	0.31	0.111	0.013	0.049	0.632	0.753	0.516	0.441	0.25	0.267	0.712	1	0.095	24	0.533	0.125
2023	4684	Yuta Watanabe	NA	SF	28	5	NBA	BRK	58	928	4.4	9	0.491	16.4	0.418	0.224	0.138	0.017	0.039	0.582	0.557	0.769	0.281	0.25	0.444	0.444	0.722	1	0.06	13	0.533	0.514
2023	4580	Zach Collins	NA	C	25	5	NBA	SAS	63	1441	7.1	13.7	0.518	11.1	0.732	0.301	0.297	0.082	0.051	0.268	0.571	0.679	0.54	0.378	0.429	0.374	0.581	1	0.044	21	0.061	0.222
2023	4299	Zach LaVine	NA	SG	27	9	NBA	CHI	77	2768	8.8	18.1	0.485	14.9	0.608	0.284	0.112	0.067	0.145	0.392	0.556	0.693	0.442	0.441	0.428	0.375	0.335	0.647	0.042	56	0.138	0.467
2023	4898	Zeke Nnaji	NA	PF	22	3	NBA	DEN	53	728	5.4	9.7	0.561	9.9	0.668	0.52	0.138	0	0.01	0.332	0.71	0.794	0.407	NA	0.5	0.262	0.72	1	0.168	32	0.369	0.25