player,pos,fg_per_36_min,fga_per_36_min,fg_percent,avg_dist_fga,percent_fga_from_x2p_range,percent_fga_from_x0_3_range,percent_fga_from_x3_10_range,percent_fga_from_x10_16_range,percent_fga_from_x16_3p_range,percent_fga_from_x3p_range,fg_percent_from_x2p_range,fg_percent_from_x3p_range,percent_assisted_x2p_fg,percent_assisted_x3p_fg,percent_dunks_of_fga,percent_corner_3s_of_3pa,corner_3_point_percent
Aaron Gordon,PF,7.5,13.3,0.564,8.9,0.773,0.489,0.183,0.064,0.037,0.227,0.628,0.347,0.631,0.733,0.264,0.324,0.25
Aaron Holiday,PG,3.9,9.4,0.418,14.7,0.6,0.223,0.168,0.132,0.077,0.4,0.424,0.409,0.214,0.861,0,0.17,0.2
Aaron Nesmith,SF,5,11.7,0.427,15.5,0.468,0.249,0.136,0.063,0.02,0.532,0.496,0.366,0.701,0.965,0.042,0.424,0.383
Aaron Wiggins,SG,5.2,10.1,0.512,10.6,0.664,0.383,0.264,0.014,0.003,0.336,0.573,0.393,0.696,0.958,0.055,0.459,0.286
AJ Griffin,SF,6.4,13.7,0.465,16.8,0.514,0.101,0.165,0.173,0.075,0.486,0.536,0.39,0.558,0.891,0.017,0.293,0.408
Al Horford,C,4.3,9,0.476,18.8,0.322,0.14,0.123,0.038,0.021,0.678,0.539,0.446,0.675,0.993,0.023,0.378,0.488
Alec Burks,SG,6.4,14.7,0.436,18.2,0.479,0.089,0.144,0.124,0.122,0.521,0.459,0.414,0.307,0.687,0.002,0.222,0.491
Alex Caruso,PG,3,6.5,0.455,15,0.472,0.29,0.112,0.052,0.017,0.528,0.556,0.364,0.533,0.945,0.028,0.49,0.405
Alperen Şengün,C,7.3,13.2,0.553,6,0.929,0.395,0.464,0.053,0.016,0.071,0.57,0.333,0.499,1,0.109,0.035,0
Amir Coffey,SG,3.2,8.4,0.386,12.1,0.724,0.172,0.366,0.124,0.062,0.276,0.429,0.275,0.6,1,0.041,0.45,0.222
Andre Drummond,C,7,11.6,0.606,2.3,0.989,0.763,0.215,0.011,0,0.011,0.613,0,0.614,NA,0.277,0.333,0
Andrew Nembhard,SG,4.9,11.2,0.441,15.4,0.592,0.172,0.182,0.169,0.068,0.408,0.504,0.35,0.406,0.913,0.002,0.266,0.357
Anfernee Simons,SG,7.7,17.3,0.447,17.9,0.462,0.166,0.124,0.092,0.08,0.538,0.528,0.377,0.29,0.684,0.029,0.107,0.4
Anthony Davis,C,10.2,18.2,0.563,8.2,0.923,0.348,0.323,0.134,0.117,0.077,0.589,0.257,0.625,1,0.156,0.149,0.364
Anthony Edwards,SG,9,19.5,0.459,13.9,0.625,0.295,0.154,0.075,0.102,0.375,0.513,0.369,0.348,0.516,0.044,0.097,0.446
Anthony Gill,PF,4.1,7.6,0.538,8.7,0.78,0.311,0.409,0.053,0.008,0.22,0.65,0.138,0.672,1,0.045,0.621,0.167
Anthony Lamb,SF,4.5,9.5,0.471,17.8,0.366,0.15,0.188,0.006,0.022,0.634,0.652,0.367,0.68,0.986,0.045,0.342,0.353
Austin Reaves,SG,5.1,9.6,0.529,15.4,0.559,0.184,0.194,0.129,0.053,0.441,0.631,0.398,0.405,0.86,0.016,0.264,0.368
Austin Rivers,SG,3.2,7.4,0.435,15.7,0.411,0.201,0.191,0.019,0,0.589,0.558,0.35,0.354,0.907,0.019,0.659,0.42
Ayo Dosunmu,SG,4.8,9.8,0.493,11.2,0.668,0.411,0.147,0.07,0.04,0.332,0.583,0.312,0.55,1,0.018,0.466,0.33
Bam Adebayo,C,8.3,15.4,0.54,7.4,0.989,0.298,0.38,0.265,0.047,0.011,0.545,0.083,0.601,1,0.136,0,NA
Ben Simmons,PG,4.3,7.7,0.566,4.8,0.991,0.43,0.464,0.094,0.004,0.009,0.571,0,0.617,NA,0.157,0,NA
Bennedict Mathurin,SF,6.7,15.4,0.434,12.2,0.674,0.292,0.262,0.076,0.044,0.326,0.488,0.323,0.601,0.74,0.035,0.197,0.328
Bismack Biyombo,C,4.9,8.5,0.578,4.4,1,0.417,0.49,0.092,0,0,0.578,NA,0.824,NA,0.214,NA,NA
Blake Griffin,C,4,8.2,0.485,14,0.492,0.323,0.162,0.008,0,0.508,0.625,0.348,0.775,1,0.062,0.318,0.333
Bobby Portis,PF,7.9,15.9,0.496,13.3,0.68,0.23,0.202,0.172,0.076,0.32,0.555,0.37,0.597,1,0.025,0.35,0.278
Bogdan Bogdanović,SG,6.5,14.6,0.447,19.1,0.411,0.088,0.098,0.133,0.092,0.589,0.506,0.406,0.457,0.815,0.003,0.211,0.382
Bojan Bogdanović,PF,8.2,16.8,0.488,15.2,0.6,0.144,0.214,0.169,0.073,0.4,0.539,0.411,0.537,0.828,0.012,0.297,0.419
Bol Bol,PF,6.2,11.4,0.546,10.7,0.764,0.324,0.264,0.107,0.069,0.236,0.633,0.265,0.537,0.767,0.157,0.239,0.185
Bones Hyland,PG,7.6,18.9,0.399,17.6,0.448,0.156,0.175,0.082,0.035,0.552,0.434,0.371,0.279,0.607,0.007,0.137,0.442
Bones Hyland,PG,7.6,19.1,0.399,17.7,0.445,0.147,0.18,0.081,0.037,0.555,0.425,0.378,0.305,0.549,0.007,0.12,0.483
Bradley Beal,SG,9.6,18.9,0.506,12.9,0.751,0.197,0.256,0.164,0.133,0.249,0.552,0.365,0.401,0.713,0.016,0.201,0.364
Brandon Clarke,PF,7.6,11.5,0.656,5.1,0.983,0.496,0.318,0.146,0.023,0.017,0.665,0.167,0.768,1,0.158,1,0.167
Brandon Ingram,SF,9.5,19.5,0.484,13.7,0.804,0.143,0.19,0.277,0.194,0.196,0.507,0.39,0.385,0.813,0.034,0.073,0.5
Brook Lopez,C,7.2,13.6,0.531,14,0.595,0.281,0.17,0.108,0.036,0.405,0.637,0.374,0.745,0.971,0.087,0.198,0.403
Bruce Brown,SG,5.7,11.7,0.483,12.2,0.657,0.266,0.273,0.086,0.032,0.343,0.548,0.358,0.551,0.923,0.076,0.398,0.376
Bryce McGowens,SG,3.7,9.2,0.396,13,0.604,0.327,0.193,0.059,0.025,0.396,0.443,0.325,0.648,0.923,0.059,0.35,0.357
Buddy Hield,SF,6.9,15.1,0.458,19.4,0.348,0.153,0.084,0.044,0.066,0.652,0.518,0.425,0.561,0.889,0.012,0.168,0.474
Caleb Houstan,SF,2.9,8.1,0.363,20.1,0.253,0.159,0.038,0.005,0.049,0.747,0.435,0.338,0.65,1,0.005,0.338,0.478
Caleb Martin,PF,4.4,9.5,0.464,15,0.569,0.245,0.159,0.049,0.117,0.431,0.545,0.356,0.612,0.857,0.053,0.415,0.316
Cam Thomas,SG,7.6,17.3,0.441,14.6,0.708,0.125,0.226,0.228,0.129,0.292,0.464,0.383,0.327,0.451,0.011,0.105,0.5
Cameron Johnson,PF,6.7,14.2,0.47,17,0.462,0.198,0.097,0.089,0.078,0.538,0.548,0.404,0.6,0.971,0.049,0.361,0.424
Cameron Payne,PG,7,16.8,0.415,15.8,0.592,0.124,0.267,0.146,0.055,0.408,0.448,0.368,0.3,0.662,0,0.097,0.333
Caris LeVert,SG,5.1,11.9,0.431,14.7,0.563,0.239,0.181,0.116,0.028,0.437,0.462,0.392,0.373,0.709,0.043,0.231,0.413
Cedi Osman,SF,5.6,12.3,0.451,16.8,0.411,0.27,0.102,0.025,0.015,0.589,0.564,0.372,0.764,0.879,0.013,0.253,0.43
Chimezie Metu,C,6.7,11.4,0.589,7.5,0.826,0.479,0.279,0.055,0.014,0.174,0.663,0.237,0.783,1,0.329,0.079,0
Chris Boucher,PF,6.2,12.5,0.493,11.2,0.643,0.416,0.166,0.038,0.023,0.357,0.585,0.328,0.578,0.984,0.149,0.497,0.351
Chris Duarte,SF,4.9,13.4,0.369,17.3,0.477,0.189,0.099,0.099,0.09,0.523,0.428,0.316,0.471,0.782,0.015,0.328,0.333
Chris Paul,PG,5.6,12.7,0.44,18,0.609,0.025,0.127,0.302,0.154,0.391,0.482,0.375,0.163,0.551,0,0.073,0.421
Christian Braun,SG,4.4,8.8,0.495,11.4,0.668,0.36,0.239,0.028,0.042,0.332,0.565,0.354,0.67,0.941,0.114,0.417,0.4
Christian Koloko,C,3.2,6.7,0.48,4.9,0.92,0.633,0.213,0.067,0.007,0.08,0.514,0.083,0.704,1,0.32,0.5,0.167
Christian Wood,C,8.2,15.9,0.515,12.8,0.637,0.304,0.208,0.062,0.062,0.363,0.594,0.376,0.615,0.971,0.124,0.165,0.326
CJ McCollum,SG,8,18.3,0.437,16.2,0.596,0.109,0.21,0.15,0.127,0.404,0.469,0.389,0.303,0.758,0.004,0.107,0.328
Clint Capela,C,7.3,11.2,0.653,2.2,0.998,0.769,0.222,0.004,0.004,0.002,0.654,0,0.734,NA,0.291,0,NA
Coby White,SG,5.5,12.4,0.443,17.8,0.421,0.2,0.096,0.072,0.052,0.579,0.54,0.372,0.348,0.961,0.008,0.148,0.412
Cole Anthony,PG,6.4,14.1,0.454,14.7,0.662,0.143,0.249,0.151,0.12,0.338,0.5,0.364,0.248,0.733,0.023,0.083,0.353
Collin Sexton,SG,7.5,14.7,0.506,11.1,0.739,0.256,0.355,0.09,0.038,0.261,0.546,0.393,0.328,0.729,0.021,0.205,0.44
Corey Kispert,SF,5,10.1,0.497,18.8,0.344,0.179,0.125,0.029,0.01,0.656,0.637,0.424,0.766,0.982,0.029,0.224,0.488
Cory Joseph,PG,4.4,10.3,0.427,17.3,0.487,0.1,0.217,0.097,0.074,0.513,0.468,0.389,0.25,0.771,0,0.178,0.406
D'Angelo Russell,PG,7,14.8,0.469,17.6,0.483,0.129,0.137,0.133,0.084,0.517,0.548,0.396,0.315,0.68,0,0.102,0.4
D'Angelo Russell,PG,6.8,14.7,0.465,17.8,0.479,0.118,0.124,0.147,0.089,0.521,0.546,0.391,0.311,0.649,0,0.113,0.349
Daishen Nix,PG,3.2,9.3,0.342,17.4,0.409,0.19,0.194,0.004,0.021,0.591,0.423,0.286,0.439,0.825,0.013,0.15,0.238
Damian Jones,C,4.2,6.5,0.64,7.2,0.802,0.593,0.186,0.012,0.012,0.198,0.652,0.588,0.733,0.9,0.302,0.765,0.692
Damian Lillard,PG,9.5,20.5,0.463,17.9,0.453,0.235,0.109,0.05,0.058,0.547,0.574,0.371,0.157,0.516,0.012,0.058,0.395
Damion Lee,SG,4.8,10.8,0.442,17.5,0.454,0.122,0.144,0.126,0.062,0.546,0.439,0.445,0.7,0.991,0.004,0.393,0.495
Daniel Gafford,C,6.5,8.9,0.732,3.2,1,0.592,0.367,0.025,0.015,0,0.732,NA,0.668,NA,0.362,NA,NA
Danuel House Jr.,SF,4.1,8.8,0.472,15.9,0.442,0.289,0.086,0.03,0.036,0.558,0.644,0.336,0.75,0.946,0.071,0.482,0.358
Dario Šarić,PF,5.7,12.4,0.458,14,0.585,0.242,0.224,0.072,0.047,0.415,0.506,0.391,0.671,1,0.004,0.252,0.448
Darius Bazley,PF,4.9,10.7,0.454,9.9,0.71,0.448,0.175,0.071,0.016,0.29,0.485,0.377,0.794,0.95,0.186,0.358,0.474
Darius Garland,PG,7.7,16.6,0.462,15.1,0.635,0.17,0.229,0.134,0.102,0.365,0.492,0.41,0.286,0.58,0.004,0.09,0.378
David Roddy,PF,5.2,12,0.429,14.5,0.495,0.271,0.183,0.026,0.014,0.505,0.553,0.307,0.609,0.969,0.057,0.415,0.341
Davion Mitchell,PG,4.5,9.9,0.454,16.4,0.506,0.213,0.13,0.058,0.105,0.494,0.584,0.32,0.449,0.873,0.005,0.193,0.316
Dāvis Bertāns,PF,5,11.7,0.431,23.4,0.119,0.081,0.025,0.006,0.006,0.881,0.737,0.39,0.929,0.982,0.031,0.22,0.452
Davon Reed,SG,2.9,8.8,0.333,18.6,0.452,0.095,0.131,0.095,0.131,0.548,0.289,0.37,0.455,0.941,0.024,0.304,0.357
Day'Ron Sharpe,C,6.1,11.2,0.544,3.8,0.936,0.684,0.228,0.018,0.006,0.064,0.544,0.545,0.632,0.833,0.228,0.091,0
De'Aaron Fox,PG,10.1,19.7,0.512,13.5,0.724,0.171,0.251,0.194,0.108,0.276,0.584,0.324,0.16,0.613,0.033,0.128,0.255
De'Andre Hunter,SF,6.4,13.9,0.461,14.6,0.652,0.159,0.179,0.197,0.117,0.348,0.521,0.35,0.588,0.91,0.044,0.413,0.39
De'Anthony Melton,PG,4.6,10.9,0.425,18,0.381,0.186,0.131,0.037,0.028,0.619,0.484,0.39,0.483,0.879,0.011,0.246,0.374
Dean Wade,PF,2.9,7.2,0.412,19.1,0.282,0.164,0.062,0.045,0.011,0.718,0.56,0.354,0.821,1,0.04,0.409,0.404
Deandre Ayton,C,9.2,15.7,0.589,7.7,0.973,0.313,0.352,0.223,0.085,0.027,0.597,0.292,0.792,0.857,0.131,0,NA
Dejounte Murray,SG,8.2,17.6,0.464,14.6,0.707,0.159,0.158,0.232,0.158,0.293,0.514,0.344,0.194,0.729,0.016,0.225,0.437
Delon Wright,PG,4.1,8.6,0.474,14.4,0.591,0.196,0.299,0.062,0.034,0.409,0.564,0.345,0.268,0.854,0.014,0.244,0.345
DeMar DeRozan,SF,8.8,17.5,0.504,13.7,0.891,0.165,0.125,0.263,0.338,0.109,0.526,0.324,0.244,0.848,0.023,0.31,0.318
Deni Avdija,SF,4.5,10.3,0.437,13.3,0.599,0.278,0.263,0.038,0.021,0.401,0.53,0.297,0.538,0.942,0.057,0.241,0.339
Dennis Schröder,PG,4.9,11.8,0.415,14.4,0.654,0.168,0.208,0.18,0.098,0.346,0.461,0.329,0.25,0.905,0,0.258,0.345
Dennis Smith Jr.,PG,4.8,11.7,0.412,11.4,0.754,0.33,0.232,0.093,0.1,0.246,0.475,0.216,0.42,0.958,0.053,0.225,0.28
Derrick Jones Jr.,SF,4.6,9.3,0.5,9.7,0.652,0.548,0.096,0.009,0,0.348,0.587,0.338,0.739,1,0.178,0.6,0.375
Derrick White,SG,5.4,11.8,0.462,16.1,0.484,0.16,0.22,0.08,0.024,0.516,0.548,0.381,0.502,0.899,0.018,0.284,0.387
Desmond Bane,SG,8.8,18.4,0.479,14.8,0.567,0.229,0.21,0.071,0.056,0.433,0.534,0.408,0.521,0.729,0.007,0.15,0.508
Devin Booker,SG,10.3,20.9,0.494,14.5,0.704,0.156,0.202,0.204,0.142,0.296,0.554,0.351,0.387,0.685,0.02,0.149,0.362
Devonte' Graham,PG,4.3,11.6,0.374,22.5,0.216,0.058,0.072,0.035,0.051,0.784,0.452,0.352,0.31,0.798,0,0.104,0.429
Devonte' Graham,PG,3.8,10.3,0.368,23,0.177,0.056,0.056,0.03,0.035,0.823,0.463,0.347,0.421,0.848,0,0.105,0.35
Dillon Brooks,SF,6.4,16.1,0.396,15.8,0.557,0.157,0.19,0.138,0.072,0.443,0.451,0.326,0.438,0.797,0.012,0.164,0.361
Domantas Sabonis,C,7.6,12.3,0.615,6.3,0.912,0.493,0.318,0.044,0.058,0.088,0.639,0.373,0.581,1,0.094,0.12,0.2
Donovan Mitchell,SG,10.1,20.8,0.484,16.3,0.547,0.214,0.152,0.079,0.102,0.453,0.566,0.386,0.26,0.482,0.029,0.054,0.382
Donte DiVincenzo,SG,4.5,10.3,0.435,19.7,0.3,0.124,0.131,0.026,0.019,0.7,0.525,0.397,0.612,0.927,0.017,0.228,0.419
Dorian Finney-Smith,PF,3.5,9,0.391,17.8,0.325,0.218,0.088,0.012,0.008,0.675,0.503,0.337,0.671,0.974,0.084,0.382,0.38
Doug McDermott,SF,6.5,14.3,0.457,17.3,0.43,0.176,0.163,0.054,0.038,0.57,0.516,0.413,0.845,0.984,0.027,0.198,0.407
Draymond Green,PF,3.9,7.4,0.527,10.3,0.724,0.297,0.363,0.04,0.023,0.276,0.612,0.305,0.852,1,0.051,0.298,0.308
Drew Eubanks,C,4.9,7.6,0.641,5.8,0.946,0.497,0.317,0.108,0.024,0.054,0.655,0.389,0.783,1,0.269,0.167,0
Duncan Robinson,SF,4.6,12.3,0.371,22.3,0.19,0.055,0.089,0.034,0.013,0.81,0.556,0.328,0.92,1,0,0.188,0.306
Dwight Powell,C,4.9,6.6,0.732,2.5,0.981,0.799,0.167,0.004,0.011,0.019,0.746,0,0.787,NA,0.316,0.4,0
Dyson Daniels,PG,3,7.2,0.418,13.6,0.587,0.308,0.221,0.048,0.01,0.413,0.492,0.314,0.55,0.889,0.034,0.302,0.346
Edmond Sumner,SG,6.1,13.2,0.461,11.2,0.677,0.316,0.268,0.052,0.041,0.323,0.511,0.356,0.634,0.903,0.033,0.529,0.348
Eric Gordon,SG,5.3,12,0.446,17.2,0.455,0.164,0.243,0.041,0.006,0.545,0.535,0.371,0.39,0.811,0.002,0.084,0.467
Eric Gordon,SG,5.3,12.1,0.439,16.5,0.487,0.163,0.274,0.042,0.008,0.513,0.536,0.347,0.32,0.765,0.002,0.078,0.526
Evan Mobley,PF,7,12.6,0.554,7.3,0.892,0.411,0.323,0.122,0.036,0.108,0.595,0.216,0.74,1,0.239,0.402,0.195
Frank Ntilikina,PG,2.8,7.8,0.364,16.9,0.492,0.144,0.159,0.091,0.098,0.508,0.477,0.254,0.581,0.941,0,0.343,0.13
Franz Wagner,SF,7.5,15.4,0.485,12,0.678,0.27,0.311,0.063,0.034,0.322,0.544,0.361,0.464,0.8,0.03,0.172,0.435
Fred VanVleet,PG,6.2,15.8,0.393,18.6,0.455,0.12,0.144,0.091,0.101,0.545,0.455,0.342,0.187,0.594,0,0.122,0.419
Gabe Vincent,PG,4.7,11.6,0.402,19,0.383,0.093,0.138,0.09,0.062,0.617,0.512,0.334,0.432,0.735,0.002,0.323,0.381
Garrison Mathews,SG,3.8,10.5,0.363,23.8,0.104,0.045,0.04,0.01,0.01,0.896,0.476,0.35,0.5,0.952,0.01,0.228,0.39
Garrison Mathews,SG,3.6,10.2,0.353,24.1,0.088,0.041,0.035,0,0.012,0.912,0.467,0.342,0.429,0.981,0.006,0.232,0.389
Gary Harris,SG,4.2,9.3,0.45,19.4,0.29,0.143,0.091,0.016,0.039,0.71,0.494,0.431,0.523,0.915,0.01,0.417,0.462
Gary Trent Jr.,SG,6.9,15.9,0.433,17.8,0.519,0.117,0.129,0.121,0.152,0.481,0.493,0.369,0.498,0.861,0.024,0.178,0.288
George Hill,PG,3.4,7.2,0.47,17.7,0.428,0.205,0.102,0.054,0.066,0.572,0.62,0.358,0.477,0.853,0.018,0.337,0.438
Georges Niang,PF,5.3,12,0.442,20.8,0.235,0.096,0.112,0.024,0.004,0.765,0.576,0.401,0.75,1,0,0.19,0.534
Giannis Antetokounmpo,PF,12.6,22.7,0.553,8.1,0.866,0.48,0.212,0.091,0.084,0.134,0.596,0.275,0.415,0.617,0.166,0.023,0.25
Goran Dragić,PG,5.8,13.9,0.421,15.8,0.567,0.185,0.128,0.179,0.075,0.433,0.468,0.359,0.393,0.904,0,0.186,0.481
Goran Dragić,PG,5.8,13.7,0.425,15.5,0.572,0.191,0.13,0.181,0.07,0.428,0.48,0.352,0.39,0.911,0,0.195,0.48
Gordon Hayward,SF,6.3,13.3,0.475,14.4,0.725,0.16,0.201,0.191,0.172,0.275,0.532,0.325,0.554,0.904,0.028,0.231,0.432
Grant Williams,PF,3.8,8.4,0.454,17.5,0.389,0.137,0.2,0.046,0.006,0.611,0.546,0.395,0.594,0.957,0.032,0.416,0.421
Grayson Allen,SG,4.5,10.2,0.44,18.7,0.343,0.18,0.104,0.054,0.005,0.657,0.518,0.399,0.606,0.884,0.027,0.213,0.474
Hamidou Diallo,SG,7.8,13.6,0.573,6.8,0.944,0.443,0.304,0.125,0.072,0.056,0.593,0.238,0.643,1,0.139,0.524,0.273
Harrison Barnes,PF,5.1,10.7,0.473,13.7,0.554,0.259,0.234,0.053,0.008,0.446,0.553,0.374,0.587,0.932,0.063,0.365,0.395
Haywood Highsmith,SF,3.5,8,0.431,15.4,0.495,0.241,0.148,0.069,0.037,0.505,0.523,0.339,0.625,0.973,0.06,0.44,0.313
Herbert Jones,SF,4.3,9.2,0.469,10.9,0.667,0.389,0.222,0.018,0.038,0.333,0.536,0.335,0.67,0.964,0.086,0.515,0.337
Immanuel Quickley,PG,6.4,14.4,0.448,16.5,0.515,0.127,0.205,0.127,0.056,0.485,0.521,0.37,0.263,0.72,0.009,0.271,0.366
Isaac Okoro,SF,3.8,7.7,0.494,12.8,0.517,0.376,0.133,0.006,0.003,0.483,0.617,0.363,0.752,0.952,0.099,0.854,0.377
Isaiah Hartenstein,C,3.9,7.2,0.535,6,0.887,0.56,0.202,0.122,0.003,0.113,0.576,0.216,0.611,1,0.144,0.649,0.292
Isaiah Jackson,C,6.2,11,0.563,4.2,0.956,0.626,0.261,0.044,0.025,0.044,0.582,0.143,0.74,1,0.302,0.214,0.333
Isaiah Joe,SG,5.8,13.1,0.441,22.6,0.224,0.067,0.037,0.045,0.075,0.776,0.553,0.409,0.714,0.95,0.016,0.132,0.519
Isaiah Livers,PF,3.6,8.6,0.417,20.7,0.295,0.076,0.076,0.066,0.076,0.705,0.541,0.365,0.696,0.932,0.031,0.315,0.422
Isaiah Roby,PF,5.1,11.8,0.432,13.1,0.613,0.265,0.277,0.026,0.045,0.387,0.516,0.3,0.612,1,0.084,0.183,0.364
Isaiah Stewart,C,5,11.2,0.442,13.5,0.535,0.302,0.209,0.009,0.016,0.465,0.542,0.327,0.688,1,0.075,0.327,0.328
Ish Smith,PG,4.7,11.8,0.397,13.4,0.908,0.115,0.16,0.275,0.359,0.092,0.42,0.167,0.26,1,0,0.167,0
Ish Wainright,SF,3.3,8.9,0.37,19.8,0.238,0.15,0.075,0.009,0.004,0.762,0.5,0.329,0.519,0.982,0.026,0.514,0.337
Ivica Zubac,C,5.4,8.5,0.634,3.3,0.996,0.593,0.377,0.021,0.004,0.004,0.637,0,0.733,NA,0.286,0,NA
Ja Morant,PG,10.5,22.4,0.466,11.1,0.753,0.289,0.295,0.144,0.025,0.247,0.519,0.307,0.181,0.533,0.058,0.1,0.433
Jabari Smith Jr.,PF,5.3,13.1,0.408,16.2,0.562,0.155,0.178,0.12,0.109,0.438,0.487,0.307,0.648,0.883,0.054,0.176,0.348
Jabari Walker,SF,4.8,11.5,0.419,10.5,0.717,0.404,0.197,0.071,0.045,0.283,0.472,0.286,0.716,0.938,0.116,0.232,0.154
Jaden Hardy,SG,7.4,16.9,0.438,15,0.532,0.279,0.138,0.057,0.057,0.468,0.469,0.404,0.422,0.825,0.024,0.231,0.472
Jaden Ivey,SG,6.4,15.4,0.416,14.1,0.644,0.244,0.213,0.098,0.09,0.356,0.457,0.343,0.246,0.733,0.034,0.117,0.366
Jaden McDaniels,SF,5.5,10.7,0.517,12.5,0.624,0.288,0.215,0.088,0.034,0.376,0.588,0.398,0.658,0.991,0.115,0.506,0.419
Jakob Poeltl,C,7.3,11.7,0.629,4.8,0.998,0.494,0.366,0.138,0.002,0.002,0.63,0,0.656,NA,0.045,0,NA
Jakob Poeltl,C,7.2,11.6,0.616,4.9,0.997,0.5,0.343,0.152,0.003,0.003,0.618,0,0.598,NA,0.039,0,NA
Jalen Brunson,PG,8.9,18.1,0.491,12.9,0.731,0.149,0.331,0.172,0.079,0.269,0.519,0.416,0.166,0.575,0.002,0.205,0.424
Jalen Duren,C,5.6,8.6,0.648,3.3,0.995,0.606,0.339,0.048,0.003,0.005,0.652,0,0.667,NA,0.412,0.5,0
Jalen Green,SG,7.8,18.8,0.417,15.2,0.592,0.202,0.212,0.079,0.099,0.408,0.471,0.338,0.351,0.572,0.046,0.128,0.324
Jalen Johnson,SF,5.5,11.1,0.491,11.2,0.677,0.398,0.189,0.043,0.047,0.323,0.587,0.288,0.625,1,0.152,0.442,0.283
Jalen McDaniels,SF,5.3,11.6,0.455,12.4,0.624,0.316,0.214,0.078,0.016,0.376,0.53,0.332,0.578,0.974,0.076,0.392,0.33
Jalen McDaniels,SF,5.3,11.9,0.447,13.1,0.591,0.298,0.206,0.071,0.016,0.409,0.534,0.322,0.526,0.969,0.073,0.376,0.329
Jalen Smith,PF,6.8,14.3,0.476,12.5,0.624,0.352,0.185,0.037,0.049,0.376,0.593,0.283,0.734,1,0.085,0.304,0.276
Jalen Suggs,PG,5.4,12.8,0.419,15.8,0.545,0.23,0.162,0.077,0.077,0.455,0.496,0.327,0.317,0.712,0.016,0.134,0.407
Jalen Williams,SG,6.5,12.6,0.521,10.4,0.742,0.377,0.246,0.073,0.047,0.258,0.579,0.356,0.416,0.904,0.106,0.146,0.367
Jamal Murray,PG,8,17.6,0.454,16.5,0.585,0.147,0.161,0.134,0.143,0.415,0.494,0.398,0.329,0.605,0.019,0.123,0.491
James Harden,PG,6.3,14.2,0.441,16.6,0.504,0.165,0.19,0.106,0.043,0.496,0.495,0.385,0.129,0.416,0.001,0.05,0.429
James Wiseman,C,7.8,14.1,0.558,6.6,0.941,0.372,0.419,0.091,0.056,0.059,0.58,0.2,0.719,1,0.248,0.05,0
JaMychal Green,PF,6.1,11.4,0.54,12.8,0.56,0.345,0.171,0.016,0.028,0.44,0.667,0.378,0.66,1,0.246,0.387,0.372
Jaren Jackson Jr.,C,8.4,16.6,0.506,11.4,0.657,0.304,0.319,0.028,0.006,0.343,0.585,0.355,0.595,0.96,0.112,0.209,0.322
Jarred Vanderbilt,PF,4.7,8.6,0.548,7.7,0.8,0.479,0.282,0.031,0.009,0.2,0.604,0.322,0.679,1,0.213,0.878,0.354
Jarred Vanderbilt,PF,5,8.9,0.556,7.8,0.817,0.447,0.318,0.042,0.01,0.183,0.606,0.333,0.682,1,0.206,0.895,0.373
Jarrett Allen,C,6.5,10.2,0.644,4.4,0.984,0.575,0.307,0.075,0.027,0.016,0.653,0.1,0.774,1,0.319,0.6,0
JaVale McGee,C,8.1,12.7,0.64,4,0.96,0.56,0.368,0.032,0,0.04,0.65,0.4,0.808,1,0.296,0,NA
Jaxson Hayes,C,5.1,9.2,0.551,7.5,0.814,0.442,0.353,0.006,0.013,0.186,0.654,0.103,0.783,1,0.321,0.414,0.167
Jaylen Brown,SF,10.2,20.7,0.491,13.9,0.648,0.245,0.204,0.104,0.095,0.352,0.576,0.335,0.477,0.687,0.053,0.125,0.279
Jaylen Nowell,SG,8.1,18,0.448,13.5,0.629,0.251,0.213,0.134,0.03,0.371,0.542,0.289,0.469,0.716,0.024,0.155,0.222
Jaylin Williams,PF,4,9.2,0.436,16.2,0.517,0.192,0.15,0.107,0.068,0.483,0.463,0.407,0.839,0.957,0.047,0.159,0.556
Jayson Tatum,PF,9.6,20.5,0.466,14.8,0.56,0.235,0.208,0.058,0.06,0.44,0.558,0.35,0.515,0.646,0.065,0.08,0.455
Jeff Green,PF,5.3,10.8,0.488,11.6,0.683,0.311,0.271,0.067,0.034,0.317,0.58,0.288,0.808,0.9,0.152,0.365,0.421
Jerami Grant,PF,7,14.6,0.475,14.2,0.607,0.267,0.149,0.085,0.105,0.393,0.523,0.401,0.579,0.972,0.084,0.365,0.389
Jeremiah Robinson-Earl,PF,4.9,11,0.444,12.9,0.552,0.395,0.101,0.02,0.036,0.448,0.533,0.333,0.795,1,0.085,0.351,0.333
Jeremy Sochan,PF,6.2,13.6,0.453,10.4,0.757,0.341,0.279,0.085,0.053,0.243,0.519,0.246,0.59,1,0.127,0.254,0.147
Jericho Sims,C,3.7,4.7,0.776,2.5,0.991,0.832,0.103,0.056,0,0.009,0.783,0,0.711,NA,0.626,0,NA
Jevon Carter,PG,4.8,11.2,0.423,19.9,0.404,0.092,0.067,0.09,0.154,0.596,0.425,0.421,0.34,0.789,0.004,0.231,0.436
Jimmy Butler,SF,8.1,15,0.539,8.4,0.884,0.322,0.348,0.158,0.056,0.116,0.564,0.35,0.377,0.694,0.069,0.534,0.345
Jock Landale,C,6.5,12.4,0.528,9.8,0.751,0.377,0.297,0.053,0.024,0.249,0.621,0.25,0.771,1,0.139,0.036,0.333
Joe Harris,SG,4.7,10.4,0.457,20.5,0.243,0.127,0.064,0.011,0.041,0.757,0.551,0.426,0.797,1,0,0.273,0.462
Joe Ingles,SF,3.7,8.6,0.435,22.2,0.181,0.081,0.073,0.008,0.02,0.819,0.556,0.409,0.32,0.711,0,0.261,0.453
Joel Embiid,C,11.5,20.9,0.548,11.3,0.849,0.273,0.196,0.245,0.135,0.151,0.587,0.33,0.6,0.894,0.066,0.04,0.25
John Collins,PF,6.1,11.9,0.508,12.2,0.661,0.297,0.209,0.109,0.045,0.339,0.619,0.292,0.792,0.957,0.115,0.408,0.296
John Konchar,SG,3.3,7.7,0.431,15.3,0.447,0.294,0.109,0.028,0.016,0.553,0.545,0.339,0.769,0.95,0.028,0.525,0.355
Jonas Valančiūnas,C,8.2,14.9,0.547,8.2,0.866,0.364,0.33,0.134,0.039,0.134,0.577,0.349,0.578,1,0.086,0.046,0.2
Jonathan Kuminga,PF,6.7,12.8,0.525,10.7,0.706,0.332,0.28,0.058,0.036,0.294,0.59,0.37,0.643,0.944,0.189,0.425,0.419
Jordan Clarkson,SG,8.3,18.7,0.444,15.7,0.555,0.109,0.301,0.13,0.016,0.445,0.53,0.338,0.215,0.748,0.016,0.12,0.4
Jordan Goodwin,PG,5.1,11.5,0.448,14,0.666,0.187,0.255,0.127,0.096,0.334,0.511,0.322,0.242,0.868,0.025,0.212,0.52
Jordan McLaughlin,PG,3.2,7.7,0.421,16.7,0.462,0.166,0.241,0.034,0.021,0.538,0.552,0.308,0.73,0.833,0,0.295,0.391
Jordan Nwora,SF,5.9,13.5,0.436,15.5,0.526,0.231,0.153,0.074,0.067,0.474,0.462,0.408,0.565,0.93,0.04,0.284,0.4
Jordan Poole,PG,8.1,18.7,0.43,17.3,0.502,0.134,0.21,0.081,0.077,0.498,0.524,0.336,0.446,0.701,0.024,0.118,0.333
Jose Alvarado,PG,5.5,13.4,0.411,15.6,0.495,0.186,0.243,0.051,0.014,0.505,0.488,0.336,0.381,0.94,0,0.287,0.38
Josh Christopher,SG,7,15.1,0.465,11.9,0.729,0.222,0.289,0.188,0.03,0.271,0.55,0.236,0.348,0.762,0.082,0.191,0.235
Josh Giddey,SG,8.2,17,0.482,9.6,0.791,0.301,0.381,0.089,0.021,0.209,0.524,0.325,0.363,0.934,0.011,0.128,0.4
Josh Green,SG,4.8,8.9,0.537,13.1,0.558,0.285,0.199,0.06,0.013,0.442,0.643,0.402,0.664,1,0.068,0.698,0.39
Josh Hart,SF-SG,4,7.6,0.529,10.6,0.685,0.444,0.15,0.065,0.025,0.315,0.601,0.372,0.444,1,0.019,0.415,0.412
Josh Hart,SF,3.9,7.7,0.504,10.6,0.691,0.455,0.132,0.072,0.033,0.309,0.594,0.304,0.47,1,0.019,0.438,0.327
Josh Okogie,SG,4.3,11,0.391,14.4,0.524,0.28,0.155,0.051,0.039,0.476,0.442,0.335,0.448,0.939,0.087,0.462,0.319
Josh Richardson,SG,5.6,13,0.431,18.8,0.471,0.09,0.108,0.164,0.108,0.529,0.506,0.365,0.432,0.916,0.011,0.16,0.447
Josh Richardson,SG,6.4,14.7,0.436,18.7,0.49,0.089,0.101,0.187,0.113,0.51,0.518,0.357,0.417,0.878,0.012,0.13,0.481
Jrue Holiday,PG,8.1,16.9,0.479,15.3,0.598,0.194,0.216,0.096,0.093,0.402,0.542,0.384,0.247,0.43,0.007,0.117,0.458
JT Thor,PF,3.5,8.8,0.399,15.8,0.483,0.193,0.164,0.088,0.038,0.517,0.487,0.317,0.679,0.974,0.05,0.553,0.382
Juan Toscano-Anderson,SF,3.3,7.4,0.448,11.2,0.699,0.294,0.308,0.063,0.035,0.301,0.56,0.186,0.661,1,0.035,0.465,0.2
Juancho Hernangómez,PF,2.8,6.7,0.421,16.1,0.412,0.289,0.105,0,0.018,0.588,0.66,0.254,0.677,1,0.018,0.418,0.321
Julius Randle,PF,8.7,18.8,0.459,15.3,0.556,0.22,0.149,0.123,0.064,0.444,0.553,0.343,0.382,0.752,0.051,0.142,0.333
Justin Holiday,SG,3.9,10.4,0.377,19.8,0.299,0.147,0.02,0.034,0.098,0.701,0.508,0.322,0.871,0.913,0.039,0.538,0.325
Jusuf Nurkić,C,6.8,13.1,0.519,8.6,0.764,0.451,0.279,0.018,0.016,0.236,0.567,0.361,0.594,1,0.044,0.126,0.333
Kai Jones,C,4.4,7.9,0.558,7.2,0.842,0.508,0.242,0.058,0.033,0.158,0.624,0.211,0.619,1,0.408,0.421,0.25
Kawhi Leonard,SF,9.2,17.9,0.512,14.9,0.713,0.141,0.178,0.225,0.169,0.287,0.551,0.416,0.333,0.644,0.049,0.192,0.521
Keegan Murray,SF,5.4,11.8,0.453,18.1,0.359,0.18,0.107,0.042,0.029,0.641,0.527,0.411,0.709,0.976,0.058,0.285,0.434
Keita Bates-Diop,SF,5.9,11.5,0.508,10.4,0.695,0.34,0.303,0.047,0.004,0.305,0.557,0.394,0.65,0.982,0.039,0.43,0.377
Keldon Johnson,SF,8.8,19.4,0.452,12.7,0.634,0.27,0.27,0.08,0.014,0.366,0.523,0.329,0.509,0.903,0.022,0.226,0.348
Kelly Olynyk,C,5.2,10.3,0.499,14.5,0.576,0.223,0.268,0.048,0.038,0.424,0.576,0.394,0.643,0.968,0.025,0.203,0.438
Kelly Oubre Jr.,SF,8.2,19,0.431,13.8,0.586,0.252,0.206,0.093,0.035,0.414,0.51,0.319,0.539,0.917,0.067,0.295,0.41
Kendrick Nunn,SG-PG,7.1,16.8,0.424,17,0.504,0.127,0.18,0.127,0.071,0.496,0.493,0.354,0.366,0.696,0.022,0.229,0.333
Kenrich Williams,PF,5.3,10.3,0.517,13.4,0.613,0.318,0.142,0.09,0.064,0.387,0.608,0.373,0.659,1,0.066,0.343,0.413
Kentavious Caldwell-Pope,SG,4.4,9.6,0.462,17.5,0.495,0.139,0.117,0.081,0.158,0.505,0.502,0.423,0.847,0.926,0.025,0.417,0.398
Kenyon Martin Jr.,SF,6.4,11.3,0.569,9.7,0.7,0.417,0.281,0.003,0,0.3,0.679,0.315,0.772,1,0.275,0.236,0.353
Kevin Durant,PF-SF,10.4,18.6,0.56,15.1,0.733,0.11,0.162,0.292,0.168,0.267,0.617,0.404,0.464,0.656,0.044,0.078,0.556
Kevin Huerter,SG,6.9,14.2,0.485,18.2,0.411,0.137,0.143,0.089,0.042,0.589,0.604,0.402,0.665,0.893,0.016,0.155,0.405
Kevin Knox,PF-SF,5.7,12.6,0.458,16.6,0.44,0.235,0.102,0.066,0.036,0.56,0.596,0.349,0.644,1,0.06,0.344,0.313
Kevin Knox,PF,5.1,10.9,0.469,18,0.352,0.162,0.128,0.039,0.022,0.648,0.651,0.371,0.707,1,0.045,0.414,0.333
Kevin Love,PF,4.8,12.3,0.389,20.2,0.302,0.106,0.104,0.052,0.04,0.698,0.516,0.334,0.576,0.939,0.012,0.149,0.341
Kevin Love,PF,4.9,12.5,0.389,20.2,0.316,0.119,0.084,0.06,0.053,0.684,0.467,0.354,0.548,0.928,0.018,0.144,0.429
Kevin Porter Jr.,PG,7,15.7,0.442,15.7,0.564,0.153,0.221,0.115,0.076,0.436,0.501,0.366,0.18,0.525,0.054,0.117,0.489
Kevon Looney,C,4.4,7.1,0.63,3.5,0.997,0.557,0.365,0.044,0.031,0.003,0.632,0,0.669,NA,0.177,0,NA
Killian Hayes,PG,5.1,13.6,0.377,15.7,0.649,0.086,0.216,0.236,0.112,0.351,0.429,0.28,0.141,0.763,0.017,0.259,0.243
Klay Thompson,SG,8.6,19.8,0.436,19.6,0.416,0.058,0.123,0.114,0.121,0.584,0.47,0.412,0.727,0.89,0.011,0.17,0.403
Kristaps Porziņģis,C,8.6,17.3,0.498,15.1,0.65,0.166,0.228,0.162,0.094,0.35,0.559,0.385,0.622,0.949,0.095,0.053,0.526
Kyle Anderson,PF,4.6,9.1,0.509,9.9,0.788,0.246,0.426,0.087,0.028,0.212,0.536,0.41,0.512,0.93,0.02,0.448,0.468
Kyle Kuzma,PF,8.2,18.4,0.448,15.2,0.579,0.186,0.263,0.082,0.048,0.421,0.533,0.333,0.466,0.781,0.036,0.243,0.41
Kyle Lowry,PG,4.1,10.2,0.404,19.4,0.361,0.14,0.093,0.082,0.045,0.639,0.509,0.345,0.292,0.757,0,0.177,0.455
Kyrie Irving,PG,9.5,19.3,0.494,15.8,0.588,0.16,0.182,0.155,0.091,0.412,0.574,0.379,0.291,0.511,0.002,0.107,0.34
Lamar Stevens,PF,4.1,9.3,0.448,11.7,0.67,0.34,0.16,0.139,0.031,0.33,0.513,0.316,0.788,1,0.108,0.642,0.262
Larry Nance Jr.,PF,4.8,8,0.61,6.9,0.862,0.482,0.292,0.059,0.03,0.138,0.654,0.333,0.762,1,0.223,0.571,0.417
Lauri Markkanen,SF,9,18.1,0.499,14.6,0.554,0.213,0.251,0.053,0.037,0.446,0.585,0.391,0.65,0.935,0.112,0.184,0.489
LeBron James,PF,11.2,22.5,0.5,12.8,0.691,0.302,0.197,0.084,0.107,0.309,0.58,0.321,0.395,0.628,0.062,0.08,0.267
Lindy Waters III,SG,4.7,12.1,0.393,23.8,0.09,0.062,0.011,0.011,0.006,0.91,0.75,0.358,0.583,0.931,0,0.185,0.5
Lonnie Walker IV,SG,6.6,14.6,0.448,15.7,0.528,0.195,0.188,0.055,0.089,0.472,0.522,0.365,0.572,0.923,0.055,0.273,0.412
Luguentz Dort,SG,5.4,13.8,0.388,14.2,0.532,0.301,0.174,0.032,0.024,0.468,0.44,0.33,0.51,0.889,0.04,0.232,0.411
Luka Dončić,PG,10.8,21.8,0.496,14.7,0.627,0.176,0.252,0.145,0.054,0.373,0.588,0.342,0.131,0.216,0.01,0.041,0.273
Luke Kennard,SG,5.1,10.5,0.492,20.9,0.296,0.058,0.084,0.089,0.065,0.704,0.487,0.494,0.6,0.94,0,0.201,0.481
Luke Kornet,C,5.1,7.6,0.665,4.6,0.924,0.671,0.212,0.041,0,0.076,0.701,0.231,0.764,1,0.376,0.538,0.286
Malachi Flynn,PG,4.5,12.6,0.36,18.3,0.45,0.12,0.145,0.083,0.103,0.55,0.367,0.353,0.375,0.872,0,0.158,0.476
Malaki Branham,SF,6.2,14.2,0.44,15.5,0.583,0.149,0.203,0.146,0.085,0.417,0.539,0.302,0.495,0.922,0.02,0.208,0.358
Malcolm Brogdon,PG,7.3,15.1,0.484,14.6,0.594,0.195,0.24,0.083,0.075,0.406,0.51,0.444,0.342,0.659,0.007,0.158,0.447
Malik Beasley,SG,6.4,16.1,0.395,21,0.298,0.036,0.131,0.073,0.058,0.702,0.484,0.357,0.511,0.855,0.006,0.167,0.373
Malik Beasley,SG,6.5,16.4,0.396,21.1,0.296,0.028,0.135,0.07,0.063,0.704,0.485,0.359,0.5,0.817,0.006,0.185,0.356
Malik Monk,SG,7.5,16.7,0.448,15.8,0.5,0.217,0.185,0.064,0.034,0.5,0.538,0.359,0.528,0.832,0.05,0.171,0.441
Marcus Morris,PF,5.4,12.7,0.426,18.2,0.521,0.07,0.118,0.199,0.134,0.479,0.484,0.364,0.414,0.955,0.008,0.231,0.31
Marcus Smart,PG,4.6,11.1,0.415,17.5,0.432,0.143,0.204,0.058,0.027,0.568,0.519,0.336,0.274,0.852,0.008,0.196,0.343
MarJon Beauchamp,SF,4.9,12.5,0.395,17.5,0.416,0.21,0.095,0.041,0.07,0.584,0.485,0.331,0.551,0.872,0.058,0.387,0.345
Mark Williams,C,7,10.9,0.637,3.1,1,0.673,0.267,0.048,0.012,0,0.637,NA,0.681,NA,0.303,NA,NA
Markelle Fultz,PG,7.1,13.7,0.514,9.8,0.872,0.299,0.28,0.178,0.115,0.128,0.544,0.31,0.323,0.963,0.054,0.368,0.375
Marvin Bagley III,C,7.3,13.9,0.529,9,0.827,0.312,0.377,0.113,0.029,0.173,0.579,0.288,0.628,0.947,0.076,0.288,0.316
Mason Plumlee,C,5.8,8.5,0.68,2.7,1,0.707,0.25,0.033,0.01,0,0.68,NA,0.657,NA,0.26,NA,NA
Mason Plumlee,C,6,8.9,0.669,2.8,1,0.697,0.253,0.038,0.013,0,0.669,NA,0.623,NA,0.253,NA,NA
Matisse Thybulle,SG,3.3,7.6,0.435,15.8,0.415,0.265,0.138,0.012,0,0.585,0.533,0.365,0.768,0.981,0.091,0.493,0.37
Matisse Thybulle,SG,3,7.1,0.431,14.9,0.457,0.293,0.155,0.009,0,0.543,0.547,0.333,0.759,1,0.095,0.508,0.313
Max Christie,SG,3.1,7.5,0.415,18,0.415,0.113,0.132,0.085,0.085,0.585,0.409,0.419,0.556,0.962,0.038,0.435,0.37
Max Strus,SF,5.1,12.5,0.41,19.5,0.287,0.138,0.115,0.023,0.011,0.713,0.559,0.35,0.709,0.949,0.025,0.274,0.461
Michael Porter Jr.,SF,8,16.4,0.487,18,0.444,0.168,0.103,0.062,0.111,0.556,0.579,0.414,0.767,0.926,0.053,0.187,0.518
Mikal Bridges,SF,7.2,15.4,0.468,14.5,0.651,0.17,0.176,0.227,0.078,0.349,0.514,0.382,0.538,0.923,0.028,0.434,0.448
Mikal Bridges,SF,6.2,13.5,0.463,14.1,0.658,0.185,0.177,0.224,0.073,0.342,0.503,0.387,0.605,0.98,0.035,0.46,0.475
Mike Conley,PG,4.6,10.8,0.428,18.3,0.425,0.084,0.202,0.108,0.031,0.575,0.486,0.385,0.381,0.696,0,0.157,0.545
Mike Conley,PG,4.3,10.6,0.408,18.3,0.432,0.085,0.213,0.099,0.035,0.568,0.469,0.362,0.368,0.636,0,0.136,0.586
Mike Muscala,C,5,11.1,0.449,20.6,0.291,0.096,0.072,0.082,0.041,0.709,0.588,0.391,0.86,0.988,0.021,0.242,0.4
Mike Muscala,C,5.2,11.7,0.438,20.7,0.3,0.103,0.049,0.094,0.054,0.7,0.541,0.394,0.879,0.982,0.02,0.183,0.385
Miles McBride,PG,3.6,10.2,0.358,18.6,0.377,0.153,0.079,0.079,0.065,0.623,0.457,0.299,0.541,0.875,0.028,0.373,0.4
Mitchell Robinson,C,4.3,6.3,0.671,1.2,1,0.918,0.075,0.004,0.004,0,0.671,NA,0.574,NA,0.521,NA,NA
Mo Bamba,C,5.5,11.3,0.485,15.1,0.485,0.32,0.104,0.033,0.029,0.515,0.59,0.387,0.754,1,0.178,0.113,0.357
Monte Morris,PG,5.2,10.9,0.48,16.2,0.604,0.118,0.21,0.142,0.134,0.396,0.543,0.382,0.29,0.769,0,0.245,0.4
Montrezl Harrell,C,6.6,11,0.598,4,0.971,0.627,0.297,0.043,0.005,0.029,0.616,0,0.656,NA,0.263,0.167,0
Moritz Wagner,C,6.4,12.9,0.5,12.2,0.588,0.379,0.189,0.008,0.013,0.412,0.631,0.313,0.782,0.98,0.134,0.178,0.31
Moses Moody,SG,4.8,10,0.476,17.1,0.405,0.225,0.132,0.031,0.018,0.595,0.641,0.363,0.695,0.98,0.101,0.348,0.34
Myles Turner,C,7.9,14.5,0.548,12.3,0.66,0.307,0.254,0.071,0.029,0.34,0.638,0.373,0.773,0.968,0.095,0.096,0.458
Naji Marshall,SF,5,11.5,0.433,13.3,0.618,0.229,0.294,0.082,0.012,0.382,0.513,0.303,0.53,0.985,0.026,0.39,0.318
Nassir Little,SF,4.9,11.2,0.442,17.1,0.479,0.191,0.135,0.059,0.092,0.521,0.524,0.367,0.592,0.948,0.053,0.139,0.364
Naz Reid,C,8.9,16.6,0.537,11.8,0.624,0.341,0.256,0.023,0.003,0.376,0.653,0.346,0.655,1,0.066,0.175,0.263
Nic Claxton,C,6.6,9.3,0.705,2.7,0.997,0.671,0.303,0.022,0,0.003,0.708,0,0.763,NA,0.346,1,0
Nick Richards,C,5.8,9.3,0.629,2.6,0.997,0.741,0.227,0.019,0.01,0.003,0.628,1,0.638,1,0.3,0,NA
Nickeil Alexander-Walker,SG,5.3,12,0.444,16.9,0.461,0.139,0.207,0.044,0.071,0.539,0.515,0.384,0.329,0.803,0.01,0.277,0.386
Nicolas Batum,PF,3.4,8,0.42,21.6,0.168,0.094,0.039,0.016,0.018,0.832,0.563,0.391,0.611,0.992,0.024,0.391,0.435
Nikola Jokić,C,10,15.8,0.632,8.6,0.854,0.307,0.417,0.092,0.038,0.146,0.675,0.383,0.606,0.842,0.022,0.027,0.25
Nikola Vučević,C,7.8,15.1,0.52,12.8,0.698,0.235,0.258,0.126,0.078,0.302,0.594,0.349,0.735,1,0.039,0.124,0.465
Norman Powell,SG,7.8,16.3,0.479,14.1,0.596,0.241,0.207,0.087,0.061,0.404,0.534,0.397,0.527,0.877,0.025,0.317,0.484
Obi Toppin,PF,6.4,14.4,0.446,16,0.411,0.289,0.095,0.019,0.007,0.589,0.593,0.344,0.863,0.965,0.148,0.47,0.353
Ochai Agbaji,SG,4.9,11.5,0.427,16.9,0.409,0.15,0.21,0.026,0.023,0.591,0.532,0.355,0.762,0.988,0.054,0.412,0.457
OG Anunoby,SF,6.4,13.4,0.476,13.6,0.585,0.293,0.174,0.062,0.056,0.415,0.539,0.387,0.566,0.958,0.13,0.398,0.466
Onyeka Okongwu,C,6.2,9.7,0.638,4.6,0.974,0.61,0.239,0.05,0.074,0.026,0.647,0.308,0.712,1,0.209,0.769,0.4
Oshae Brissett,SF,4.1,10.6,0.386,14.1,0.514,0.329,0.147,0.019,0.019,0.486,0.457,0.31,0.72,0.958,0.05,0.265,0.244
P.J. Tucker,PF,1.8,4.2,0.427,16.5,0.378,0.173,0.151,0.036,0.018,0.622,0.482,0.393,0.732,0.982,0,0.914,0.398
P.J. Washington,PF,6.6,14.8,0.444,14.8,0.562,0.198,0.242,0.06,0.061,0.438,0.518,0.348,0.74,0.919,0.05,0.22,0.351
Paolo Banchero,PF,7.1,16.6,0.427,12.4,0.746,0.242,0.253,0.124,0.127,0.254,0.471,0.298,0.404,0.706,0.054,0.123,0.343
Pascal Siakam,C,8.6,17.8,0.48,12.3,0.781,0.193,0.299,0.162,0.128,0.219,0.523,0.324,0.317,0.86,0.026,0.202,0.362
Pat Connaughton,SG,4.1,10.5,0.392,20.3,0.235,0.152,0.071,0.005,0.007,0.765,0.566,0.339,0.75,0.982,0.019,0.339,0.358
Patrick Beverley,PG,2.9,7.1,0.4,18.7,0.336,0.122,0.181,0.022,0.011,0.664,0.529,0.335,0.359,0.875,0.003,0.335,0.35
Patrick Beverley,PG,2.9,7.2,0.402,18.6,0.344,0.104,0.199,0.029,0.012,0.656,0.506,0.348,0.357,0.855,0.004,0.323,0.412
Patrick Williams,PF,4.9,10.5,0.464,14.6,0.591,0.258,0.112,0.12,0.1,0.409,0.498,0.415,0.633,0.983,0.118,0.39,0.463
Paul George,SG,8.5,18.6,0.457,16.7,0.576,0.145,0.14,0.132,0.157,0.424,0.521,0.371,0.322,0.614,0.042,0.134,0.491
Paul Reed,C,5.9,10,0.593,4,0.971,0.665,0.22,0.057,0.029,0.029,0.606,0.167,0.691,1,0.153,0.167,0
Payton Pritchard,PG,5.7,13.7,0.412,19.2,0.371,0.167,0.118,0.033,0.053,0.629,0.495,0.364,0.444,0.875,0.004,0.195,0.3
Precious Achiuwa,C,6.2,12.8,0.485,9.8,0.733,0.381,0.267,0.072,0.012,0.267,0.564,0.269,0.629,1,0.141,0.444,0.25
Quentin Grimes,SG,4.8,10.2,0.468,17.9,0.324,0.248,0.047,0.018,0.012,0.676,0.641,0.386,0.776,0.994,0.043,0.327,0.474
R.J. Hampton,PG,4.9,11.4,0.43,16.1,0.511,0.156,0.224,0.093,0.038,0.489,0.504,0.353,0.41,0.854,0.034,0.259,0.467
Raul Neto,PG,4.1,7.8,0.518,13.2,0.618,0.345,0.155,0.082,0.036,0.382,0.662,0.286,0.444,0.917,0,0.19,0.625
Reggie Bullock,SF,2.9,7.2,0.409,21.7,0.155,0.077,0.04,0.019,0.019,0.845,0.562,0.38,0.854,0.98,0.002,0.491,0.451
Reggie Jackson,PG,5.7,13.9,0.411,16.3,0.55,0.13,0.216,0.102,0.103,0.45,0.474,0.333,0.257,0.854,0.008,0.253,0.384
Reggie Jackson,PG,5.8,13.8,0.418,15.9,0.57,0.145,0.221,0.104,0.102,0.43,0.469,0.35,0.255,0.857,0.008,0.227,0.42
Richaun Holmes,C,5.7,9.2,0.618,6.4,0.91,0.438,0.337,0.135,0,0.09,0.617,0.625,0.78,1,0.191,0.125,1
RJ Barrett,SG,7.4,17.1,0.434,11.5,0.668,0.299,0.287,0.06,0.023,0.332,0.495,0.31,0.424,0.926,0.029,0.29,0.319
Robert Covington,PF,4.7,10.6,0.445,16.8,0.406,0.205,0.157,0.031,0.013,0.594,0.516,0.397,0.75,0.981,0.035,0.147,0.45
Romeo Langford,SG,5.2,11,0.467,10.1,0.764,0.29,0.351,0.093,0.031,0.236,0.53,0.262,0.543,1,0.054,0.541,0.333
Royce O'Neale,SF,3.4,8.9,0.386,19.6,0.293,0.155,0.118,0.015,0.005,0.707,0.379,0.389,0.394,0.975,0.01,0.15,0.349
Rudy Gay,PF,4.8,12.7,0.38,17.3,0.547,0.105,0.171,0.157,0.115,0.453,0.484,0.254,0.526,1,0.045,0.338,0.318
Rudy Gobert,C,6,9.2,0.659,2.5,0.995,0.778,0.19,0.022,0.004,0.005,0.663,0,0.744,NA,0.388,0,NA
Rui Hachimura,PF,7,14.3,0.486,13.1,0.726,0.247,0.175,0.17,0.135,0.274,0.55,0.319,0.618,1,0.074,0.319,0.333
Russell Westbrook,PG,7.3,16.8,0.436,11.8,0.711,0.305,0.229,0.103,0.075,0.289,0.487,0.311,0.23,0.663,0.023,0.227,0.231
Russell Westbrook,PG,7.3,17.6,0.417,11.7,0.708,0.31,0.23,0.096,0.071,0.292,0.467,0.296,0.203,0.635,0.018,0.174,0.243
Saddiq Bey,SF,6,14.1,0.422,15.8,0.5,0.22,0.178,0.053,0.049,0.5,0.483,0.361,0.381,0.914,0.037,0.356,0.416
Saddiq Bey,SF,5.9,14.5,0.404,15.9,0.517,0.203,0.201,0.061,0.051,0.483,0.46,0.345,0.333,0.921,0.026,0.29,0.424
Sam Hauser,PF,5,11.1,0.455,22.4,0.154,0.078,0.048,0.013,0.015,0.846,0.656,0.418,0.775,0.979,0.013,0.307,0.437
Sandro Mamukelashvili,C,5.3,12.5,0.422,13.2,0.57,0.335,0.183,0.043,0.009,0.43,0.511,0.303,0.642,1,0.048,0.202,0.35
Santi Aldama,PF,5.3,11.2,0.47,14.6,0.493,0.28,0.166,0.03,0.017,0.507,0.591,0.353,0.68,0.968,0.118,0.391,0.365
Scottie Barnes,PF,6.2,13.7,0.456,10.8,0.78,0.277,0.321,0.099,0.083,0.22,0.505,0.281,0.493,0.841,0.087,0.339,0.316
Seth Curry,SG,6.2,13.3,0.463,19.8,0.483,0.058,0.067,0.114,0.245,0.517,0.525,0.405,0.526,0.809,0,0.254,0.424
Shaedon Sharpe,SG,6.2,13.1,0.472,15,0.563,0.289,0.114,0.049,0.111,0.437,0.559,0.36,0.559,0.882,0.108,0.322,0.407
Shai Gilgeous-Alexander,PG,10.5,20.6,0.51,9.8,0.878,0.283,0.276,0.246,0.073,0.122,0.533,0.345,0.201,0.31,0.039,0.101,0.235
Shake Milton,SG,5.5,11.6,0.479,12,0.706,0.3,0.245,0.119,0.042,0.294,0.521,0.378,0.416,0.911,0.008,0.257,0.316
Simone Fontecchio,SF,5.4,14.7,0.369,18.5,0.388,0.106,0.157,0.067,0.058,0.612,0.43,0.33,0.731,0.952,0.042,0.225,0.395
Spencer Dinwiddie,PG,6.1,13.9,0.438,15.7,0.533,0.186,0.206,0.092,0.05,0.467,0.498,0.369,0.118,0.602,0.021,0.182,0.506
Spencer Dinwiddie,PG,6.3,13.8,0.455,16,0.509,0.184,0.197,0.079,0.048,0.491,0.504,0.405,0.135,0.63,0.023,0.211,0.556
Stephen Curry,PG,10.4,21,0.493,18.8,0.436,0.107,0.191,0.063,0.076,0.564,0.579,0.427,0.371,0.593,0,0.097,0.597
Steven Adams,C,5,8.4,0.597,2.6,0.996,0.696,0.281,0.019,0,0.004,0.599,0,0.503,NA,0.163,1,0
T.J. McConnell,PG,6.7,12.3,0.543,8.6,0.887,0.322,0.361,0.169,0.035,0.113,0.556,0.441,0.237,0.692,0,0.288,0.588
T.J. Warren,PF-SF,6.9,14.1,0.489,13,0.752,0.156,0.252,0.237,0.107,0.248,0.542,0.328,0.664,0.955,0.019,0.403,0.296
Taj Gibson,C,4.9,9.4,0.52,10.3,0.808,0.288,0.28,0.144,0.096,0.192,0.564,0.333,0.667,1,0.064,0.458,0.455
Talen Horton-Tucker,SG,7,16.8,0.419,12.8,0.669,0.232,0.321,0.083,0.033,0.331,0.485,0.286,0.206,0.776,0.038,0.148,0.367
Tari Eason,PF,6,13.4,0.448,9.2,0.739,0.433,0.262,0.029,0.015,0.261,0.486,0.343,0.473,0.983,0.126,0.285,0.367
Taurean Prince,SF,5.3,11.4,0.467,15.7,0.488,0.216,0.172,0.047,0.053,0.512,0.557,0.381,0.748,0.946,0.013,0.418,0.432
Terance Mann,SG,5.2,10.1,0.519,12.5,0.622,0.33,0.191,0.061,0.04,0.378,0.598,0.389,0.554,0.883,0.107,0.495,0.337
Terence Davis,SG,6.6,15.6,0.423,18.8,0.332,0.151,0.118,0.033,0.03,0.668,0.537,0.366,0.508,0.921,0.038,0.247,0.4
Terrence Ross,SG,5.4,12.6,0.43,19.7,0.445,0.037,0.08,0.178,0.151,0.555,0.507,0.368,0.629,0.937,0.019,0.264,0.441
Terrence Ross,SG,4.9,11.4,0.431,19.2,0.465,0.043,0.107,0.174,0.14,0.535,0.489,0.381,0.588,0.918,0.023,0.231,0.459
Terry Rozier,SG,8,19.3,0.415,15.1,0.575,0.194,0.199,0.101,0.081,0.425,0.48,0.327,0.326,0.655,0.003,0.289,0.301
Thaddeus Young,PF,4.9,9,0.545,7.9,0.828,0.364,0.409,0.04,0.015,0.172,0.622,0.176,0.549,1,0.051,0.706,0.208
Théo Maledon,PG,4.3,10.7,0.402,14,0.626,0.217,0.256,0.134,0.02,0.374,0.465,0.295,0.324,0.821,0,0.074,0
Thomas Bryant,C,7.7,12.3,0.623,8.4,0.84,0.415,0.263,0.1,0.062,0.16,0.658,0.441,0.784,0.962,0.247,0.22,0.462
Thomas Bryant,C,8.1,12.4,0.654,8.3,0.834,0.432,0.256,0.093,0.053,0.166,0.697,0.44,0.777,0.955,0.252,0.26,0.462
Tim Hardaway Jr.,SG,5.7,14.2,0.401,19.7,0.351,0.109,0.093,0.09,0.059,0.649,0.431,0.385,0.641,0.896,0.014,0.271,0.389
Tobias Harris,PF,6.3,12.5,0.501,13.2,0.617,0.26,0.22,0.102,0.034,0.383,0.57,0.389,0.495,0.937,0.07,0.389,0.405
Torrey Craig,SF,4.2,9.2,0.456,15,0.494,0.266,0.138,0.062,0.028,0.506,0.518,0.395,0.57,0.99,0.044,0.474,0.45
Trae Young,PG,8.5,19.7,0.429,15,0.669,0.159,0.245,0.15,0.116,0.331,0.476,0.335,0.174,0.325,0,0.05,0.304
Tre Jones,PG,6.2,13.5,0.459,10.7,0.787,0.276,0.262,0.21,0.039,0.213,0.506,0.285,0.26,0.867,0.004,0.323,0.255
Tre Mann,PG,6,15.2,0.393,17.2,0.487,0.126,0.204,0.108,0.05,0.513,0.475,0.315,0.267,0.605,0.012,0.121,0.452
Trendon Watford,PF,5.5,9.8,0.56,8.9,0.802,0.35,0.359,0.08,0.012,0.198,0.602,0.391,0.641,1,0.019,0.125,0.25
Trey Lyles,PF,5.4,11.8,0.458,15.8,0.412,0.279,0.123,0.007,0.002,0.588,0.595,0.363,0.69,0.989,0.088,0.354,0.435
Trey Murphy III,SF,5.7,11.8,0.484,18,0.379,0.203,0.129,0.02,0.028,0.621,0.611,0.406,0.67,0.96,0.124,0.268,0.429
Troy Brown Jr.,SF,3.9,9,0.43,17.5,0.396,0.166,0.148,0.032,0.049,0.604,0.505,0.381,0.667,0.953,0.03,0.395,0.405
Ty Jerome,SG,5.2,10.7,0.488,14.7,0.628,0.095,0.306,0.182,0.045,0.372,0.546,0.389,0.41,0.857,0,0.233,0.524
Tyler Herro,SG,7.5,17.1,0.439,17.4,0.516,0.094,0.19,0.155,0.077,0.484,0.497,0.378,0.391,0.704,0.012,0.171,0.446
Tyrese Haliburton,PG,7.9,16.1,0.49,16.2,0.522,0.216,0.164,0.094,0.048,0.478,0.572,0.4,0.247,0.447,0.021,0.092,0.514
Tyrese Maxey,SG,7.8,16.3,0.481,14.7,0.596,0.225,0.208,0.103,0.06,0.404,0.513,0.434,0.444,0.725,0.014,0.206,0.513
Tyus Jones,PG,5.8,13.2,0.438,16.6,0.541,0.085,0.182,0.235,0.039,0.459,0.495,0.371,0.284,0.793,0,0.202,0.53
Usman Garuba,PF,3.2,6.6,0.486,9.9,0.667,0.452,0.209,0.006,0,0.333,0.525,0.407,0.613,1,0.062,0.492,0.414
Victor Oladipo,SG,5.2,13.1,0.397,17.2,0.474,0.149,0.159,0.109,0.057,0.526,0.471,0.33,0.289,0.614,0.012,0.198,0.19
Vlatko Čančar,PF,4.4,9.2,0.476,15.3,0.493,0.233,0.22,0.035,0.004,0.507,0.58,0.374,0.662,0.977,0.026,0.33,0.421
Walker Kessler,C,6.3,8.8,0.72,2.7,0.993,0.671,0.304,0.002,0.014,0.007,0.723,0.333,0.67,1,0.343,0.333,0
Wendell Carter Jr.,C,6.9,13.1,0.525,13.3,0.633,0.282,0.179,0.101,0.07,0.367,0.624,0.356,0.649,0.988,0.145,0.218,0.449
Wenyen Gabriel,PF,5.4,9.1,0.596,6.1,0.862,0.523,0.312,0.019,0.008,0.138,0.647,0.278,0.676,0.9,0.092,0.528,0.263
Wesley Matthews,SG,2.5,7,0.363,21,0.225,0.106,0.056,0.05,0.013,0.775,0.528,0.315,0.842,0.974,0,0.339,0.238
Will Barton,SG,5,13.2,0.379,17.8,0.505,0.118,0.198,0.093,0.096,0.495,0.391,0.367,0.458,0.742,0.022,0.183,0.515
Xavier Tillman Sr.,PF,5.7,9.3,0.614,5.5,0.951,0.516,0.31,0.111,0.013,0.049,0.632,0.267,0.712,1,0.095,0.533,0.125
Yuta Watanabe,SF,4.4,9,0.491,16.4,0.418,0.224,0.138,0.017,0.039,0.582,0.557,0.444,0.722,1,0.06,0.533,0.514
Zach Collins,C,7.1,13.7,0.518,11.1,0.732,0.301,0.297,0.082,0.051,0.268,0.571,0.374,0.581,1,0.044,0.061,0.222
Zach LaVine,SG,8.8,18.1,0.485,14.9,0.608,0.284,0.112,0.067,0.145,0.392,0.556,0.375,0.335,0.647,0.042,0.138,0.467
Zeke Nnaji,PF,5.4,9.7,0.561,9.9,0.668,0.52,0.138,0,0.01,0.332,0.71,0.262,0.72,1,0.168,0.369,0.25
